Location	iHH_0	iHH_1	iHS	Std iHS	pos	abs_std_ihs	population	cluster_id	cluster_start	cluster_end	cluster_center	cluster_size	cluster_max_score	cluster_mean_score
X:31774442:G:A	4.01469e-07	0.0055029	-9.52566	-7.5756	31774442	7.5756	ITU	1	31774442	31809169	31791338.0	39	7.5756	5.16805641025641
X:31776701:T:G	4.00772e-07	0.00386669	-9.17452	-6.55251	31776701	6.55251	ITU	1	31774442	31809169	31791338.0	39	7.5756	5.16805641025641
X:31779685:TTGTGTGTGTG:T	0.0115137	2.22268e-06	8.55257	6.21013	31779685	6.21013	ITU	1	31774442	31809169	31791338.0	39	7.5756	5.16805641025641
X:31779833:C:G	1.11451e-06	0.000589859	-6.27147	-5.20119	31779833	5.20119	ITU	1	31774442	31809169	31791338.0	39	7.5756	5.16805641025641
X:31780056:T:C	2.41418e-06	0.00882931	-8.20447	-4.9188	31780056	4.9188	ITU	1	31774442	31809169	31791338.0	39	7.5756	5.16805641025641
X:31780849:A:G	2.62806e-06	0.00863042	-8.0968	-5.6039	31780849	5.6039	ITU	1	31774442	31809169	31791338.0	39	7.5756	5.16805641025641
X:31781620:G:A	2.11589e-06	0.00132874	-6.44251	-4.70394	31781620	4.70394	ITU	1	31774442	31809169	31791338.0	39	7.5756	5.16805641025641
X:31781621:C:A	2.11589e-06	0.00132874	-6.44251	-4.70394	31781621	4.70394	ITU	1	31774442	31809169	31791338.0	39	7.5756	5.16805641025641
X:31783110:T:C	2.58448e-06	0.0138829	-8.58889	-4.28535	31783110	4.28535	ITU	1	31774442	31809169	31791338.0	39	7.5756	5.16805641025641
X:31783411:T:C	2.36699e-06	0.00443819	-7.53638	-5.25946	31783411	5.25946	ITU	1	31774442	31809169	31791338.0	39	7.5756	5.16805641025641
X:31784282:G:A	2.39667e-06	0.201953	-11.3417	-4.37965	31784282	4.37965	ITU	1	31774442	31809169	31791338.0	39	7.5756	5.16805641025641
X:31784635:T:C	2.71957e-06	0.00849585	-8.04686	-4.80336	31784635	4.80336	ITU	1	31774442	31809169	31791338.0	39	7.5756	5.16805641025641
X:31785983:G:A	2.81087e-06	0.00998453	-8.1753	-5.80933	31785983	5.80933	ITU	1	31774442	31809169	31791338.0	39	7.5756	5.16805641025641
X:31787910:C:T	0.00130737	4.365e-06	5.70215	4.61524	31787910	4.61524	ITU	1	31774442	31809169	31791338.0	39	7.5756	5.16805641025641
X:31788286:C:G	0.00162122	4.30518e-06	5.93112	4.79843	31788286	4.79843	ITU	1	31774442	31809169	31791338.0	39	7.5756	5.16805641025641
X:31789299:G:A	0.0090119	2.93368e-06	8.03004	5.79011	31789299	5.79011	ITU	1	31774442	31809169	31791338.0	39	7.5756	5.16805641025641
X:31790256:G:A	4.65352e-06	0.00626423	-7.20499	-5.52593	31790256	5.52593	ITU	1	31774442	31809169	31791338.0	39	7.5756	5.16805641025641
X:31790424:A:G	3.06204e-06	0.00857033	-7.93698	-5.47626	31790424	5.47626	ITU	1	31774442	31809169	31791338.0	39	7.5756	5.16805641025641
X:31790838:G:A	3.05923e-06	0.00876301	-7.96013	-5.49475	31790838	5.49475	ITU	1	31774442	31809169	31791338.0	39	7.5756	5.16805641025641
X:31791338:C:T	2.92901e-06	0.0106078	-8.19468	-5.82544	31791338	5.82544	ITU	1	31774442	31809169	31791338.0	39	7.5756	5.16805641025641
X:31791469:T:C	2.95446e-06	0.00811801	-7.91853	-4.70937	31791469	4.70937	ITU	1	31774442	31809169	31791338.0	39	7.5756	5.16805641025641
X:31792423:C:T	0.00807441	2.13533e-06	8.23784	5.74595	31792423	5.74595	ITU	1	31774442	31809169	31791338.0	39	7.5756	5.16805641025641
X:31792647:C:T	2.15803e-06	0.00807441	-8.22726	-5.7081	31792647	5.7081	ITU	1	31774442	31809169	31791338.0	39	7.5756	5.16805641025641
X:31792815:C:T	2.56934e-06	0.310143	-11.7011	-4.46369	31792815	4.46369	ITU	1	31774442	31809169	31791338.0	39	7.5756	5.16805641025641
X:31792860:A:G	3.38436e-06	0.00143155	-6.04735	-4.8494	31792860	4.8494	ITU	1	31774442	31809169	31791338.0	39	7.5756	5.16805641025641
X:31793388:A:G	2.19082e-06	0.00771613	-8.16679	-5.6598	31793388	5.6598	ITU	1	31774442	31809169	31791338.0	39	7.5756	5.16805641025641
X:31794522:T:G	2.28844e-06	0.00771613	-8.1232	-5.62499	31794522	5.62499	ITU	1	31774442	31809169	31791338.0	39	7.5756	5.16805641025641
X:31794718:CTT:C	0.310143	2.64576e-06	11.6718	4.43684	31794718	4.43684	ITU	1	31774442	31809169	31791338.0	39	7.5756	5.16805641025641
X:31794836:T:C	4.27086e-06	0.00786799	-7.51874	-4.41657	31794836	4.41657	ITU	1	31774442	31809169	31791338.0	39	7.5756	5.16805641025641
X:31795372:G:T	4.76605e-06	0.010021	-7.65092	-5.37348	31795372	5.37348	ITU	1	31774442	31809169	31791338.0	39	7.5756	5.16805641025641
X:31795686:T:C	2.7986e-06	0.202072	-11.1873	-4.29359	31795686	4.29359	ITU	1	31774442	31809169	31791338.0	39	7.5756	5.16805641025641
X:31795865:G:A	4.92635e-06	0.00836631	-7.43737	-5.19598	31795865	5.19598	ITU	1	31774442	31809169	31791338.0	39	7.5756	5.16805641025641
X:31798345:C:G	2.9629e-06	0.335925	-11.6385	-4.21079	31798345	4.21079	ITU	1	31774442	31809169	31791338.0	39	7.5756	5.16805641025641
X:31800358:T:G	4.63797e-06	0.0078332	-7.43185	-5.07282	31800358	5.07282	ITU	1	31774442	31809169	31791338.0	39	7.5756	5.16805641025641
X:31800954:T:A	7.58595e-06	0.00792931	-6.95202	-4.79256	31800954	4.79256	ITU	1	31774442	31809169	31791338.0	39	7.5756	5.16805641025641
X:31802168:TC:T	0.00835792	9.07627e-06	6.8253	4.82171	31802168	4.82171	ITU	1	31774442	31809169	31791338.0	39	7.5756	5.16805641025641
X:31803119:T:C	8.68383e-06	0.00930422	-6.97676	-4.70935	31803119	4.70935	ITU	1	31774442	31809169	31791338.0	39	7.5756	5.16805641025641
X:31803434:G:A	0.116485	7.50399e-06	9.65008	4.8185	31803434	4.8185	ITU	1	31774442	31809169	31791338.0	39	7.5756	5.16805641025641
X:31809169:T:TTA	0.00481095	1.08369e-05	6.09569	5.11739	31809169	5.11739	ITU	1	31774442	31809169	31791338.0	39	7.5756	5.16805641025641
X:35514770:A:C	6.80302e-06	0.00293292	-6.06639	-4.52028	35514770	4.52028	ITU	2	35514770	35531027	35527002.5	20	5.67274	4.8896195
X:35515755:T:C	5.30775e-06	0.00359238	-6.5174	-4.34247	35515755	4.34247	ITU	2	35514770	35531027	35527002.5	20	5.67274	4.8896195
X:35516054:T:C	5.24592e-06	0.00359238	-6.52912	-4.35183	35516054	4.35183	ITU	2	35514770	35531027	35527002.5	20	5.67274	4.8896195
X:35516817:C:T	6.57751e-06	0.00304386	-6.13722	-4.58285	35516817	4.58285	ITU	2	35514770	35531027	35527002.5	20	5.67274	4.8896195
X:35516931:C:T	6.57751e-06	0.00304386	-6.13722	-4.58285	35516931	4.58285	ITU	2	35514770	35531027	35527002.5	20	5.67274	4.8896195
X:35517269:A:T	0.00304386	5.1346e-06	6.38488	4.35659	35517269	4.35659	ITU	2	35514770	35531027	35527002.5	20	5.67274	4.8896195
X:35517408:G:C	5.1346e-06	0.00304386	-6.38488	-4.80158	35517408	4.80158	ITU	2	35514770	35531027	35527002.5	20	5.67274	4.8896195
X:35517558:TA:T	4.52515e-06	0.00304386	-6.51123	-4.91318	35517558	4.91318	ITU	2	35514770	35531027	35527002.5	20	5.67274	4.8896195
X:35525784:G:A	0.00551234	2.18073e-05	5.5325	4.26625	35525784	4.26625	ITU	2	35514770	35531027	35527002.5	20	5.67274	4.8896195
X:35526498:A:G	0.00551234	2.18073e-05	5.5325	4.26625	35526498	4.26625	ITU	2	35514770	35531027	35527002.5	20	5.67274	4.8896195
X:35527507:T:C	0.00686918	2.00802e-06	8.13765	5.67274	35527507	5.67274	ITU	2	35514770	35531027	35527002.5	20	5.67274	4.8896195
X:35528097:T:A	0.00686918	2.00802e-06	8.13765	5.67274	35528097	5.67274	ITU	2	35514770	35531027	35527002.5	20	5.67274	4.8896195
X:35528109:G:GA	0.00686918	2.00802e-06	8.13765	5.67274	35528109	5.67274	ITU	2	35514770	35531027	35527002.5	20	5.67274	4.8896195
X:35528836:A:G	0.00687714	4.6379e-06	7.3017	5.04502	35528836	5.04502	ITU	2	35514770	35531027	35527002.5	20	5.67274	4.8896195
X:35529149:T:C	0.00687714	4.6379e-06	7.3017	5.04502	35529149	5.04502	ITU	2	35514770	35531027	35527002.5	20	5.67274	4.8896195
X:35530322:A:C	0.00687714	4.74829e-06	7.27817	5.02736	35530322	5.02736	ITU	2	35514770	35531027	35527002.5	20	5.67274	4.8896195
X:35530361:G:C	0.00687714	4.74829e-06	7.27817	5.02736	35530361	5.02736	ITU	2	35514770	35531027	35527002.5	20	5.67274	4.8896195
X:35530810:C:T	0.00687714	4.74829e-06	7.27817	5.02736	35530810	5.02736	ITU	2	35514770	35531027	35527002.5	20	5.67274	4.8896195
X:35530921:A:G	4.74829e-06	0.00687714	-7.27817	-5.59056	35530921	5.59056	ITU	2	35514770	35531027	35527002.5	20	5.67274	4.8896195
X:35531027:C:T	0.00687714	4.74829e-06	7.27817	5.02736	35531027	5.02736	ITU	2	35514770	35531027	35527002.5	20	5.67274	4.8896195
X:87186594:G:A	0.00329678	1.08087e-05	5.72035	4.21297	87186594	4.21297	ITU	3	87186594	87204799	87202526.0	28	6.43864	4.776305714285714
X:87187491:G:T	1.09452e-05	0.00731842	-6.50525	-4.60069	87187491	4.60069	ITU	3	87186594	87204799	87202526.0	28	6.43864	4.776305714285714
X:87192260:G:C	1.24707e-05	0.00891977	-6.57264	-4.65532	87192260	4.65532	ITU	3	87186594	87204799	87202526.0	28	6.43864	4.776305714285714
X:87193512:C:T	0.00449938	1.23534e-05	5.89776	4.34712	87193512	4.34712	ITU	3	87186594	87204799	87202526.0	28	6.43864	4.776305714285714
X:87193598:A:G	0.00449938	1.23534e-05	5.89776	4.34712	87193598	4.34712	ITU	3	87186594	87204799	87202526.0	28	6.43864	4.776305714285714
X:87195611:C:A	1.49645e-05	0.00393922	-5.57306	-4.19471	87195611	4.19471	ITU	3	87186594	87204799	87202526.0	28	6.43864	4.776305714285714
X:87196357:G:A	1.49807e-05	0.00393904	-5.57193	-4.19382	87196357	4.19382	ITU	3	87186594	87204799	87202526.0	28	6.43864	4.776305714285714
X:87197010:G:C	1.46608e-05	0.00393711	-5.59302	-4.21066	87197010	4.21066	ITU	3	87186594	87204799	87202526.0	28	6.43864	4.776305714285714
X:87198143:TAGTA:T	0.0047985	1.25296e-05	5.94796	4.38508	87198143	4.38508	ITU	3	87186594	87204799	87202526.0	28	6.43864	4.776305714285714
X:87198328:C:G	1.15112e-05	0.00569742	-6.20445	-4.20811	87198328	4.20811	ITU	3	87186594	87204799	87202526.0	28	6.43864	4.776305714285714
X:87199614:G:A	0.004848	1.45343e-05	5.80981	4.28061	87199614	4.28061	ITU	3	87186594	87204799	87202526.0	28	6.43864	4.776305714285714
X:87201837:CATTAATGAATACTAG:C	0.00558439	1.26013e-05	6.09393	4.49546	87201837	4.49546	ITU	3	87186594	87204799	87202526.0	28	6.43864	4.776305714285714
X:87202257:T:G	1.1729e-05	0.00412151	-5.86191	-4.42539	87202257	4.42539	ITU	3	87186594	87204799	87202526.0	28	6.43864	4.776305714285714
X:87202525:TCTCTCA:T	0.0120981	7.73948e-06	7.35447	5.98303	87202525	5.98303	ITU	3	87186594	87204799	87202526.0	28	6.43864	4.776305714285714
X:87202527:T:A	1.1373e-05	0.00456507	-5.99495	-4.33769	87202527	4.33769	ITU	3	87186594	87204799	87202526.0	28	6.43864	4.776305714285714
X:87202529:T:A	1.20578e-05	0.0039588	-5.79399	-4.76139	87202529	4.76139	ITU	3	87186594	87204799	87202526.0	28	6.43864	4.776305714285714
X:87202556:CAT:C	0.00510506	9.40633e-06	6.2966	4.39673	87202556	4.39673	ITU	3	87186594	87204799	87202526.0	28	6.43864	4.776305714285714
X:87203106:G:T	1.05852e-05	0.00412053	-5.96428	-4.50713	87203106	4.50713	ITU	3	87186594	87204799	87202526.0	28	6.43864	4.776305714285714
X:87203162:G:A	0.00412053	1.04894e-05	5.97337	5.02577	87203162	5.02577	ITU	3	87186594	87204799	87202526.0	28	6.43864	4.776305714285714
X:87203420:CA:C	0.00315155	1.15825e-05	5.60615	4.30577	87203420	4.30577	ITU	3	87186594	87204799	87202526.0	28	6.43864	4.776305714285714
X:87203420:C:CAAAA	8.89413e-06	0.00659158	-6.60816	-4.68411	87203420	4.68411	ITU	3	87186594	87204799	87202526.0	28	6.43864	4.776305714285714
X:87203420:C:CAAA	6.45897e-06	0.0148027	-7.73709	-5.4451	87203420	5.4451	ITU	3	87186594	87204799	87202526.0	28	6.43864	4.776305714285714
X:87203420:C:CAA	7.18769e-06	0.0200798	-7.9351	-5.60968	87203420	5.60968	ITU	3	87186594	87204799	87202526.0	28	6.43864	4.776305714285714
X:87203865:G:A	8.22222e-06	0.0246953	-8.00753	-5.81847	87203865	5.81847	ITU	3	87186594	87204799	87202526.0	28	6.43864	4.776305714285714
X:87203988:C:A	1.1432e-05	0.00788699	-6.53655	-4.96412	87203988	4.96412	ITU	3	87186594	87204799	87202526.0	28	6.43864	4.776305714285714
X:87204195:C:T	8.21871e-06	0.0288668	-8.16403	-5.94534	87204195	5.94534	ITU	3	87186594	87204799	87202526.0	28	6.43864	4.776305714285714
X:87204277:A:G	1.25115e-05	0.00855004	-6.52704	-4.95653	87204277	4.95653	ITU	3	87186594	87204799	87202526.0	28	6.43864	4.776305714285714
X:87204799:ATC:A	0.0277011	1.02504e-05	7.90191	6.43864	87204799	6.43864	ITU	3	87186594	87204799	87202526.0	28	6.43864	4.776305714285714
X:91319130:C:T	0.00611792	3.19586e-05	5.25454	4.81041	91319130	4.81041	ITU	4	91319130	91337661	91324261.5	30	4.8961	4.607326666666666
X:91319418:A:G	0.00611792	3.19586e-05	5.25454	4.81041	91319418	4.81041	ITU	4	91319130	91337661	91324261.5	30	4.8961	4.607326666666666
X:91319526:T:C	0.00611792	3.19586e-05	5.25454	4.81041	91319526	4.81041	ITU	4	91319130	91337661	91324261.5	30	4.8961	4.607326666666666
X:91319685:T:C	0.00611792	3.19586e-05	5.25454	4.81041	91319685	4.81041	ITU	4	91319130	91337661	91324261.5	30	4.8961	4.607326666666666
X:91320779:T:C	0.00579257	3.19586e-05	5.19989	4.76315	91320779	4.76315	ITU	4	91319130	91337661	91324261.5	30	4.8961	4.607326666666666
X:91320788:C:T	0.00579257	3.19586e-05	5.19989	4.76315	91320788	4.76315	ITU	4	91319130	91337661	91324261.5	30	4.8961	4.607326666666666
X:91321121:A:G	0.00579257	3.19586e-05	5.19989	4.76315	91321121	4.76315	ITU	4	91319130	91337661	91324261.5	30	4.8961	4.607326666666666
X:91321371:G:C	0.00638044	3.13765e-05	5.31493	4.86264	91321371	4.86264	ITU	4	91319130	91337661	91324261.5	30	4.8961	4.607326666666666
X:91321543:C:T	1.68478e-05	0.00762441	-6.11489	-4.8961	91321543	4.8961	ITU	4	91319130	91337661	91324261.5	30	4.8961	4.607326666666666
X:91321999:T:C	0.00638044	3.13765e-05	5.31493	4.86264	91321999	4.86264	ITU	4	91319130	91337661	91324261.5	30	4.8961	4.607326666666666
X:91322774:C:G	0.00648416	3.30214e-05	5.27996	4.8324	91322774	4.8324	ITU	4	91319130	91337661	91324261.5	30	4.8961	4.607326666666666
X:91323061:A:C	0.00648416	3.30214e-05	5.27996	4.8324	91323061	4.8324	ITU	4	91319130	91337661	91324261.5	30	4.8961	4.607326666666666
X:91323116:G:A	0.00636499	3.36369e-05	5.24294	4.80038	91323116	4.80038	ITU	4	91319130	91337661	91324261.5	30	4.8961	4.607326666666666
X:91323889:T:G	3.20149e-05	0.00789506	-5.50779	-4.55985	91323889	4.55985	ITU	4	91319130	91337661	91324261.5	30	4.8961	4.607326666666666
X:91324228:T:C	0.00626745	3.6811e-05	5.13733	4.70904	91324228	4.70904	ITU	4	91319130	91337661	91324261.5	30	4.8961	4.607326666666666
X:91324295:T:TAA	0.00637925	3.59207e-05	5.17949	4.7455	91324295	4.7455	ITU	4	91319130	91337661	91324261.5	30	4.8961	4.607326666666666
X:91324596:T:C	0.00615342	4.70418e-05	4.87373	4.48106	91324596	4.48106	ITU	4	91319130	91337661	91324261.5	30	4.8961	4.607326666666666
X:91324627:C:T	0.00626745	4.61745e-05	4.9107	4.51304	91324627	4.51304	ITU	4	91319130	91337661	91324261.5	30	4.8961	4.607326666666666
X:91324825:C:T	0.00593243	4.70418e-05	4.83715	4.44943	91324825	4.44943	ITU	4	91319130	91337661	91324261.5	30	4.8961	4.607326666666666
X:91324883:C:T	0.00600999	4.80799e-05	4.82831	4.44179	91324883	4.44179	ITU	4	91319130	91337661	91324261.5	30	4.8961	4.607326666666666
X:91325273:G:A	0.00590083	4.89859e-05	4.79132	4.40979	91325273	4.40979	ITU	4	91319130	91337661	91324261.5	30	4.8961	4.607326666666666
X:91325349:T:C	0.00600999	4.80799e-05	4.82831	4.44179	91325349	4.44179	ITU	4	91319130	91337661	91324261.5	30	4.8961	4.607326666666666
X:91325631:G:C	0.00590083	4.89859e-05	4.79132	4.40979	91325631	4.40979	ITU	4	91319130	91337661	91324261.5	30	4.8961	4.607326666666666
X:91325768:T:C	0.00600999	4.80799e-05	4.82831	4.44179	91325768	4.44179	ITU	4	91319130	91337661	91324261.5	30	4.8961	4.607326666666666
X:91326196:G:A	3.56054e-05	0.00742822	-5.34055	-4.23776	91326196	4.23776	ITU	4	91319130	91337661	91324261.5	30	4.8961	4.607326666666666
X:91326326:G:A	0.00590083	4.89859e-05	4.79132	4.40979	91326326	4.40979	ITU	4	91319130	91337661	91324261.5	30	4.8961	4.607326666666666
X:91326722:T:C	0.00600999	5.40221e-05	4.71178	4.341	91326722	4.341	ITU	4	91319130	91337661	91324261.5	30	4.8961	4.607326666666666
X:91327065:A:G	0.00600999	5.40221e-05	4.71178	4.341	91327065	4.341	ITU	4	91319130	91337661	91324261.5	30	4.8961	4.607326666666666
X:91329160:T:C	0.00578929	5.59538e-05	4.63924	4.27826	91329160	4.27826	ITU	4	91319130	91337661	91324261.5	30	4.8961	4.607326666666666
X:91337661:GA:G	5.37103e-05	0.0118015	-5.39237	-4.39147	91337661	4.39147	ITU	4	91319130	91337661	91324261.5	30	4.8961	4.607326666666666
X:117425882:G:A	8.66929e-07	0.00506487	-8.67288	-5.26187	117425882	5.26187	ITU	5	117425882	117435066	117428888.5	28	5.26187	4.421511071428571
X:117426681:T:C	1.49919e-06	0.000818173	-6.30215	-4.27115	117426681	4.27115	ITU	5	117425882	117435066	117428888.5	28	5.26187	4.421511071428571
X:117426697:A:C	3.129e-06	0.00298172	-6.85954	-4.61573	117426697	4.61573	ITU	5	117425882	117435066	117428888.5	28	5.26187	4.421511071428571
X:117426740:G:T	3.129e-06	0.00298172	-6.85954	-4.61573	117426740	4.61573	ITU	5	117425882	117435066	117428888.5	28	5.26187	4.421511071428571
X:117426885:A:G	0.000818173	1.49919e-06	6.30215	4.67922	117426885	4.67922	ITU	5	117425882	117435066	117428888.5	28	5.26187	4.421511071428571
X:117427404:G:A	3.25896e-06	0.00326865	-6.91072	-4.75823	117427404	4.75823	ITU	5	117425882	117435066	117428888.5	28	5.26187	4.421511071428571
X:117427498:T:C	0.000818173	1.97205e-06	6.028	4.47249	117427498	4.47249	ITU	5	117425882	117435066	117428888.5	28	5.26187	4.421511071428571
X:117428047:G:A	4.1541e-06	0.00298172	-6.57616	-4.3894	117428047	4.3894	ITU	5	117425882	117435066	117428888.5	28	5.26187	4.421511071428571
X:117428285:A:G	4.3664e-06	0.00298172	-6.52632	-4.34959	117428285	4.34959	ITU	5	117425882	117435066	117428888.5	28	5.26187	4.421511071428571
X:117428310:C:T	0.00298172	4.3664e-06	6.52632	4.44933	117428310	4.44933	ITU	5	117425882	117435066	117428888.5	28	5.26187	4.421511071428571
X:117428543:A:T	3.75056e-06	0.00359941	-6.86662	-4.72157	117428543	4.72157	ITU	5	117425882	117435066	117428888.5	28	5.26187	4.421511071428571
X:117428777:A:T	4.71383e-06	0.00298172	-6.44976	-4.28844	117428777	4.28844	ITU	5	117425882	117435066	117428888.5	28	5.26187	4.421511071428571
X:117428819:T:C	4.71383e-06	0.00298172	-6.44976	-4.28844	117428819	4.28844	ITU	5	117425882	117435066	117428888.5	28	5.26187	4.421511071428571
X:117428834:T:C	4.51506e-06	0.00359941	-6.68111	-4.56738	117428834	4.56738	ITU	5	117425882	117435066	117428888.5	28	5.26187	4.421511071428571
X:117428943:C:T	0.00298172	4.71383e-06	6.44976	4.39133	117428943	4.39133	ITU	5	117425882	117435066	117428888.5	28	5.26187	4.421511071428571
X:117430319:G:T	4.92353e-06	0.00298172	-6.40623	-4.25368	117430319	4.25368	ITU	5	117425882	117435066	117428888.5	28	5.26187	4.421511071428571
X:117430417:G:A	0.00298172	4.92353e-06	6.40623	4.35835	117430417	4.35835	ITU	5	117425882	117435066	117428888.5	28	5.26187	4.421511071428571
X:117431273:C:T	5.19646e-06	0.00359941	-6.54055	-4.45055	117431273	4.45055	ITU	5	117425882	117435066	117428888.5	28	5.26187	4.421511071428571
X:117432580:T:A	6.03434e-06	0.00341421	-6.33823	-4.19937	117432580	4.19937	ITU	5	117425882	117435066	117428888.5	28	5.26187	4.421511071428571
X:117432758:C:T	6.03434e-06	0.00341421	-6.33823	-4.19937	117432758	4.19937	ITU	5	117425882	117435066	117428888.5	28	5.26187	4.421511071428571
X:117433646:C:T	6.0975e-06	0.00349208	-6.35037	-4.20907	117433646	4.20907	ITU	5	117425882	117435066	117428888.5	28	5.26187	4.421511071428571
X:117433647:A:G	6.0975e-06	0.00349208	-6.35037	-4.20907	117433647	4.20907	ITU	5	117425882	117435066	117428888.5	28	5.26187	4.421511071428571
X:117433753:T:C	6.0975e-06	0.00349208	-6.35037	-4.20907	117433753	4.20907	ITU	5	117425882	117435066	117428888.5	28	5.26187	4.421511071428571
X:117434293:G:A	6.0975e-06	0.00349208	-6.35037	-4.20907	117434293	4.20907	ITU	5	117425882	117435066	117428888.5	28	5.26187	4.421511071428571
X:117434430:A:C	6.0975e-06	0.0037001	-6.40824	-4.25528	117434430	4.25528	ITU	5	117425882	117435066	117428888.5	28	5.26187	4.421511071428571
X:117434782:T:C	0.0037001	6.0975e-06	6.40824	4.35987	117434782	4.35987	ITU	5	117425882	117435066	117428888.5	28	5.26187	4.421511071428571
X:117434866:T:A	6.0975e-06	0.0037001	-6.40824	-4.25528	117434866	4.25528	ITU	5	117425882	117435066	117428888.5	28	5.26187	4.421511071428571
X:117435066:ATGTGTGTGTGTGTGTGTGTGTGTG:A	0.00274159	6.03362e-06	6.11895	4.51438	117435066	4.51438	ITU	5	117425882	117435066	117428888.5	28	5.26187	4.421511071428571
X:122698213:CTT:C	0.00817814	3.21808e-07	10.143	7.55739	122698213	7.55739	ITU	6	122698213	122720445	122703791.0	23	7.55739	5.129462608695652
X:122698617:C:G	7.26347e-07	0.00310579	-8.36075	-6.35901	122698617	6.35901	ITU	6	122698213	122720445	122703791.0	23	7.55739	5.129462608695652
X:122701707:A:G	1.53101e-06	0.283938	-12.1306	-4.70484	122701707	4.70484	ITU	6	122698213	122720445	122703791.0	23	7.55739	5.129462608695652
X:122701913:T:TTTTG	1.63827e-05	0.00227871	-4.93514	-4.4392	122701913	4.4392	ITU	6	122698213	122720445	122703791.0	23	7.55739	5.129462608695652
X:122702091:T:G	1.67504e-05	0.00224458	-4.89785	-4.40478	122702091	4.40478	ITU	6	122698213	122720445	122703791.0	23	7.55739	5.129462608695652
X:122702099:T:G	9.40018e-07	0.00298978	-8.06481	-6.1261	122702099	6.1261	ITU	6	122698213	122720445	122703791.0	23	7.55739	5.129462608695652
X:122702382:G:T	1.48886e-06	0.343606	-12.3492	-4.82763	122702382	4.82763	ITU	6	122698213	122720445	122703791.0	23	7.55739	5.129462608695652
X:122702684:A:T	1.4602e-06	0.40631	-12.5363	-4.70362	122702684	4.70362	ITU	6	122698213	122720445	122703791.0	23	7.55739	5.129462608695652
X:122702757:T:C	1.55872e-06	0.266924	-12.0509	-4.77483	122702757	4.77483	ITU	6	122698213	122720445	122703791.0	23	7.55739	5.129462608695652
X:122702882:T:C	0.00179356	2.51369e-05	4.26762	4.28497	122702882	4.28497	ITU	6	122698213	122720445	122703791.0	23	7.55739	5.129462608695652
X:122703198:G:A	9.40018e-07	0.00298978	-8.06481	-6.1261	122703198	6.1261	ITU	6	122698213	122720445	122703791.0	23	7.55739	5.129462608695652
X:122703791:C:T	0.00209336	1.71907e-05	4.80216	4.40127	122703791	4.40127	ITU	6	122698213	122720445	122703791.0	23	7.55739	5.129462608695652
X:122703879:T:C	0.00209336	1.71907e-05	4.80216	4.40127	122703879	4.40127	ITU	6	122698213	122720445	122703791.0	23	7.55739	5.129462608695652
X:122705488:A:T	9.4115e-07	0.00298981	-8.06362	-6.12516	122705488	6.12516	ITU	6	122698213	122720445	122703791.0	23	7.55739	5.129462608695652
X:122706110:G:A	1.13038e-06	0.00298981	-7.88041	-5.98098	122706110	5.98098	ITU	6	122698213	122720445	122703791.0	23	7.55739	5.129462608695652
X:122706150:G:C	0.00209338	1.72659e-05	4.7978	4.39767	122706150	4.39767	ITU	6	122698213	122720445	122703791.0	23	7.55739	5.129462608695652
X:122707164:T:C	0.00167491	1.72728e-05	4.57438	4.21302	122707164	4.21302	ITU	6	122698213	122720445	122703791.0	23	7.55739	5.129462608695652
X:122707216:TAAAGTA:T	0.00167491	1.72728e-05	4.57438	4.21302	122707216	4.21302	ITU	6	122698213	122720445	122703791.0	23	7.55739	5.129462608695652
X:122707710:TA:T	0.00268807	1.11723e-06	7.78573	6.92219	122707710	6.92219	ITU	6	122698213	122720445	122703791.0	23	7.55739	5.129462608695652
X:122707826:C:A	1.14648e-06	0.00268807	-7.75988	-5.88611	122707826	5.88611	ITU	6	122698213	122720445	122703791.0	23	7.55739	5.129462608695652
X:122708429:C:CA	2.01243e-06	0.416461	-12.2402	-4.54109	122708429	4.54109	ITU	6	122698213	122720445	122703791.0	23	7.55739	5.129462608695652
X:122711113:T:C	4.08313e-06	0.247945	-11.0141	-4.19709	122711113	4.19709	ITU	6	122698213	122720445	122703791.0	23	7.55739	5.129462608695652
X:122720445:A:T	1.49021e-05	0.00960049	-6.46807	-4.3903	122720445	4.3903	ITU	6	122698213	122720445	122703791.0	23	7.55739	5.129462608695652
X:146474541:CTTTTTT:C	0.0877146	0.000270742	5.78068	4.25858	146474541	4.25858	ITU	7	146474541	146489384	146481685.0	86	5.51654	4.7931415116279075
X:146475318:T:C	0.000169617	0.0877688	-6.24892	-4.23002	146475318	4.23002	ITU	7	146474541	146489384	146481685.0	86	5.51654	4.7931415116279075
X:146476206:T:C	0.000111766	0.088284	-6.67191	-4.55686	146476206	4.55686	ITU	7	146474541	146489384	146481685.0	86	5.51654	4.7931415116279075
X:146476208:C:T	0.000111766	0.088284	-6.67191	-4.55686	146476208	4.55686	ITU	7	146474541	146489384	146481685.0	86	5.51654	4.7931415116279075
X:146476396:G:A	0.000106185	0.0899016	-6.74129	-4.61047	146476396	4.61047	ITU	7	146474541	146489384	146481685.0	86	5.51654	4.7931415116279075
X:146476579:A:G	0.0785168	0.000113439	6.5398	5.02421	146476579	5.02421	ITU	7	146474541	146489384	146481685.0	86	5.51654	4.7931415116279075
X:146476767:T:C	0.000108214	0.0785168	-6.58695	-4.82214	146476767	4.82214	ITU	7	146474541	146489384	146481685.0	86	5.51654	4.7931415116279075
X:146477349:C:T	0.000104498	0.0838377	-6.68747	-4.56889	146477349	4.56889	ITU	7	146474541	146489384	146481685.0	86	5.51654	4.7931415116279075
X:146477412:CACAA:C	0.0838377	0.000104498	6.68747	4.9698	146477412	4.9698	ITU	7	146474541	146489384	146481685.0	86	5.51654	4.7931415116279075
X:146477760:T:C	0.0759913	0.000119232	6.45731	4.96073	146477760	4.96073	ITU	7	146474541	146489384	146481685.0	86	5.51654	4.7931415116279075
X:146477928:A:G	0.000120832	0.0735887	-6.41185	-4.67884	146477928	4.67884	ITU	7	146474541	146489384	146481685.0	86	5.51654	4.7931415116279075
X:146478054:G:C	0.0785173	0.000109118	6.57865	5.0541	146478054	5.0541	ITU	7	146474541	146489384	146481685.0	86	5.51654	4.7931415116279075
X:146478056:G:T	0.0785173	0.000109118	6.57865	5.0541	146478056	5.0541	ITU	7	146474541	146489384	146481685.0	86	5.51654	4.7931415116279075
X:146478130:T:A	9.00286e-05	0.0811754	-6.80424	-4.65911	146478130	4.65911	ITU	7	146474541	146489384	146481685.0	86	5.51654	4.7931415116279075
X:146478536:G:A	7.74267e-05	0.0839788	-6.98899	-4.80187	146478536	4.80187	ITU	7	146474541	146489384	146481685.0	86	5.51654	4.7931415116279075
X:146478620:A:AT	7.84512e-05	0.0851413	-6.98959	-4.80233	146478620	4.80233	ITU	7	146474541	146489384	146481685.0	86	5.51654	4.7931415116279075
X:146478624:C:T	0.0851413	7.84512e-05	6.98959	5.19762	146478624	5.19762	ITU	7	146474541	146489384	146481685.0	86	5.51654	4.7931415116279075
X:146478723:T:G	7.74267e-05	0.0880984	-7.03688	-4.83887	146478723	4.83887	ITU	7	146474541	146489384	146481685.0	86	5.51654	4.7931415116279075
X:146478868:C:T	7.84512e-05	0.0851413	-6.98959	-4.80233	146478868	4.80233	ITU	7	146474541	146489384	146481685.0	86	5.51654	4.7931415116279075
X:146478904:A:G	7.84512e-05	0.0851413	-6.98959	-4.80233	146478904	4.80233	ITU	7	146474541	146489384	146481685.0	86	5.51654	4.7931415116279075
X:146479007:A:G	7.75827e-05	0.0880984	-7.03487	-4.83731	146479007	4.83731	ITU	7	146474541	146489384	146481685.0	86	5.51654	4.7931415116279075
X:146479143:C:T	7.16573e-05	0.0977912	-7.21869	-5.00869	146479143	5.00869	ITU	7	146474541	146489384	146481685.0	86	5.51654	4.7931415116279075
X:146479150:A:G	0.0880291	8.40489e-05	6.95402	5.1708	146479150	5.1708	ITU	7	146474541	146489384	146481685.0	86	5.51654	4.7931415116279075
X:146479200:G:C	7.6076e-05	0.0910903	-7.08787	-4.87827	146479200	4.87827	ITU	7	146474541	146489384	146481685.0	86	5.51654	4.7931415116279075
X:146479241:C:G	0.0910903	7.6076e-05	7.08787	5.27174	146479241	5.27174	ITU	7	146474541	146489384	146481685.0	86	5.51654	4.7931415116279075
X:146479368:C:T	7.6076e-05	0.0910903	-7.08787	-4.87827	146479368	4.87827	ITU	7	146474541	146489384	146481685.0	86	5.51654	4.7931415116279075
X:146479528:T:C	7.6076e-05	0.0910903	-7.08787	-4.87827	146479528	4.87827	ITU	7	146474541	146489384	146481685.0	86	5.51654	4.7931415116279075
X:146479673:A:G	0.0880291	9.26607e-05	6.85648	5.09724	146479673	5.09724	ITU	7	146474541	146489384	146481685.0	86	5.51654	4.7931415116279075
X:146479882:C:G	0.0851367	9.79318e-05	6.76774	5.1996	146479882	5.1996	ITU	7	146474541	146489384	146481685.0	86	5.51654	4.7931415116279075
X:146479951:A:C	9.23121e-05	0.0880291	-6.86025	-4.70239	146479951	4.70239	ITU	7	146474541	146489384	146481685.0	86	5.51654	4.7931415116279075
X:146480030:T:C	0.0922447	9.23121e-05	6.90702	5.13536	146480030	5.13536	ITU	7	146474541	146489384	146481685.0	86	5.51654	4.7931415116279075
X:146480261:T:C	0.0922447	0.000104933	6.77888	5.03873	146480261	5.03873	ITU	7	146474541	146489384	146481685.0	86	5.51654	4.7931415116279075
X:146480305:CA:C	0.0922447	0.000104933	6.77888	5.03873	146480305	5.03873	ITU	7	146474541	146489384	146481685.0	86	5.51654	4.7931415116279075
X:146480326:T:C	0.000107117	0.0892083	-6.72481	-4.93495	146480326	4.93495	ITU	7	146474541	146489384	146481685.0	86	5.51654	4.7931415116279075
X:146480348:A:G	0.0922447	0.000104933	6.77888	5.03873	146480348	5.03873	ITU	7	146474541	146489384	146481685.0	86	5.51654	4.7931415116279075
X:146480368:C:T	0.0922447	0.000104933	6.77888	5.03873	146480368	5.03873	ITU	7	146474541	146489384	146481685.0	86	5.51654	4.7931415116279075
X:146480571:A:T	0.000101793	0.0922447	-6.80926	-4.66299	146480571	4.66299	ITU	7	146474541	146489384	146481685.0	86	5.51654	4.7931415116279075
X:146480756:A:G	0.0922447	0.000101793	6.80926	5.06164	146480756	5.06164	ITU	7	146474541	146489384	146481685.0	86	5.51654	4.7931415116279075
X:146480790:T:C	0.000101793	0.0922447	-6.80926	-4.66299	146480790	4.66299	ITU	7	146474541	146489384	146481685.0	86	5.51654	4.7931415116279075
X:146481293:C:T	0.000102981	0.0922447	-6.79766	-4.65403	146481293	4.65403	ITU	7	146474541	146489384	146481685.0	86	5.51654	4.7931415116279075
X:146481294:A:G	0.000102981	0.0922447	-6.79766	-4.65403	146481294	4.65403	ITU	7	146474541	146489384	146481685.0	86	5.51654	4.7931415116279075
X:146481320:G:A	0.0922447	0.000102981	6.79766	5.05289	146481320	5.05289	ITU	7	146474541	146489384	146481685.0	86	5.51654	4.7931415116279075
X:146481563:G:A	0.000102981	0.0922447	-6.79766	-4.65403	146481563	4.65403	ITU	7	146474541	146489384	146481685.0	86	5.51654	4.7931415116279075
X:146481807:G:A	0.000102884	0.0922447	-6.7986	-4.65475	146481807	4.65475	ITU	7	146474541	146489384	146481685.0	86	5.51654	4.7931415116279075
X:146482008:C:T	0.000102884	0.0922447	-6.7986	-4.65475	146482008	4.65475	ITU	7	146474541	146489384	146481685.0	86	5.51654	4.7931415116279075
X:146482013:C:T	0.000102884	0.0922447	-6.7986	-4.65475	146482013	4.65475	ITU	7	146474541	146489384	146481685.0	86	5.51654	4.7931415116279075
X:146482115:A:G	0.000102884	0.0922447	-6.7986	-4.65475	146482115	4.65475	ITU	7	146474541	146489384	146481685.0	86	5.51654	4.7931415116279075
X:146482121:A:T	0.000102884	0.0922447	-6.7986	-4.65475	146482121	4.65475	ITU	7	146474541	146489384	146481685.0	86	5.51654	4.7931415116279075
X:146482244:C:G	0.000104024	0.0892083	-6.75411	-4.95892	146482244	4.95892	ITU	7	146474541	146489384	146481685.0	86	5.51654	4.7931415116279075
X:146482375:C:G	0.0922447	0.000103152	6.796	5.05163	146482375	5.05163	ITU	7	146474541	146489384	146481685.0	86	5.51654	4.7931415116279075
X:146482435:A:G	0.0922447	0.000103152	6.796	5.05163	146482435	5.05163	ITU	7	146474541	146489384	146481685.0	86	5.51654	4.7931415116279075
X:146482658:A:C	0.000104255	0.0892083	-6.75189	-4.9571	146482658	4.9571	ITU	7	146474541	146489384	146481685.0	86	5.51654	4.7931415116279075
X:146482871:T:G	0.000102904	0.0922447	-6.79841	-4.65461	146482871	4.65461	ITU	7	146474541	146489384	146481685.0	86	5.51654	4.7931415116279075
X:146482874:C:T	0.000102904	0.0922447	-6.79841	-4.65461	146482874	4.65461	ITU	7	146474541	146489384	146481685.0	86	5.51654	4.7931415116279075
X:146483130:C:T	0.0922447	0.00010291	6.79835	5.05341	146483130	5.05341	ITU	7	146474541	146489384	146481685.0	86	5.51654	4.7931415116279075
X:146483195:C:A	0.00010291	0.0922447	-6.79835	-4.65456	146483195	4.65456	ITU	7	146474541	146489384	146481685.0	86	5.51654	4.7931415116279075
X:146483327:A:G	0.000104889	0.0922447	-6.7793	-4.63984	146483327	4.63984	ITU	7	146474541	146489384	146481685.0	86	5.51654	4.7931415116279075
X:146483499:T:G	0.0991139	0.000104889	6.85112	5.09321	146483499	5.09321	ITU	7	146474541	146489384	146481685.0	86	5.51654	4.7931415116279075
X:146483844:C:T	0.000104889	0.0991139	-6.85112	-4.69534	146483844	4.69534	ITU	7	146474541	146489384	146481685.0	86	5.51654	4.7931415116279075
X:146483933:T:G	0.0991139	0.000104889	6.85112	5.09321	146483933	5.09321	ITU	7	146474541	146489384	146481685.0	86	5.51654	4.7931415116279075
X:146484068:A:T	0.0991139	0.000104889	6.85112	5.09321	146484068	5.09321	ITU	7	146474541	146489384	146481685.0	86	5.51654	4.7931415116279075
X:146484074:A:T	0.0991139	0.000104889	6.85112	5.09321	146484074	5.09321	ITU	7	146474541	146489384	146481685.0	86	5.51654	4.7931415116279075
X:146484120:C:T	0.0991139	0.000104889	6.85112	5.09321	146484120	5.09321	ITU	7	146474541	146489384	146481685.0	86	5.51654	4.7931415116279075
X:146484134:A:G	0.000104889	0.0991139	-6.85112	-4.69534	146484134	4.69534	ITU	7	146474541	146489384	146481685.0	86	5.51654	4.7931415116279075
X:146484234:G:T	0.000104907	0.0991139	-6.85095	-4.69521	146484234	4.69521	ITU	7	146474541	146489384	146481685.0	86	5.51654	4.7931415116279075
X:146484357:A:G	0.0958428	0.000308483	5.7388	4.40784	146484357	4.40784	ITU	7	146474541	146489384	146481685.0	86	5.51654	4.7931415116279075
X:146484633:G:T	0.000108951	0.0991139	-6.81313	-4.66598	146484633	4.66598	ITU	7	146474541	146489384	146481685.0	86	5.51654	4.7931415116279075
X:146484982:A:T	0.000109117	0.0991139	-6.8116	-4.6648	146484982	4.6648	ITU	7	146474541	146489384	146481685.0	86	5.51654	4.7931415116279075
X:146485075:G:A	0.0991139	0.000110508	6.79894	5.05385	146485075	5.05385	ITU	7	146474541	146489384	146481685.0	86	5.51654	4.7931415116279075
X:146485293:A:G	0.0991139	0.000110508	6.79894	5.05385	146485293	5.05385	ITU	7	146474541	146489384	146481685.0	86	5.51654	4.7931415116279075
X:146485370:C:T	0.0958428	0.000310126	5.73349	4.40376	146485370	4.40376	ITU	7	146474541	146489384	146481685.0	86	5.51654	4.7931415116279075
X:146485725:C:T	0.000111192	0.0991139	-6.79277	-4.65025	146485725	4.65025	ITU	7	146474541	146489384	146481685.0	86	5.51654	4.7931415116279075
X:146485821:G:A	0.0991139	0.000111192	6.79277	5.0492	146485821	5.0492	ITU	7	146474541	146489384	146481685.0	86	5.51654	4.7931415116279075
X:146485869:T:C	0.000111192	0.0991139	-6.79277	-4.65025	146485869	4.65025	ITU	7	146474541	146489384	146481685.0	86	5.51654	4.7931415116279075
X:146486029:ATCT:A	0.0991139	0.000111192	6.79277	5.0492	146486029	5.0492	ITU	7	146474541	146489384	146481685.0	86	5.51654	4.7931415116279075
X:146486572:G:A	0.0958584	0.000317285	5.71083	4.38632	146486572	4.38632	ITU	7	146474541	146489384	146481685.0	86	5.51654	4.7931415116279075
X:146486847:T:A	0.103282	0.000317285	5.78541	4.44371	146486847	4.44371	ITU	7	146474541	146489384	146481685.0	86	5.51654	4.7931415116279075
X:146487380:G:A	0.103282	0.000323808	5.76506	4.42805	146487380	4.42805	ITU	7	146474541	146489384	146481685.0	86	5.51654	4.7931415116279075
X:146487483:C:T	0.0308238	6.56512e-05	6.15169	5.51654	146487483	5.51654	ITU	7	146474541	146489384	146481685.0	86	5.51654	4.7931415116279075
X:146487956:G:T	0.000347365	0.116282	-5.8134	-4.18912	146487956	4.18912	ITU	7	146474541	146489384	146481685.0	86	5.51654	4.7931415116279075
X:146488060:GT:G	0.116282	0.000347365	5.8134	4.46525	146488060	4.46525	ITU	7	146474541	146489384	146481685.0	86	5.51654	4.7931415116279075
X:146488175:C:T	0.000347365	0.116282	-5.8134	-4.18912	146488175	4.18912	ITU	7	146474541	146489384	146481685.0	86	5.51654	4.7931415116279075
X:146488501:G:A	0.116282	0.00036017	5.7772	4.43739	146488501	4.43739	ITU	7	146474541	146489384	146481685.0	86	5.51654	4.7931415116279075
X:146488900:A:G	0.116282	0.000365581	5.76228	4.42592	146488900	4.42592	ITU	7	146474541	146489384	146481685.0	86	5.51654	4.7931415116279075
X:146488949:A:T	0.116282	0.000365581	5.76228	4.42592	146488949	4.42592	ITU	7	146474541	146489384	146481685.0	86	5.51654	4.7931415116279075
X:146489384:A:G	0.116282	0.000402763	5.66542	4.35138	146489384	4.35138	ITU	7	146474541	146489384	146481685.0	86	5.51654	4.7931415116279075
