chr	start	end	length	n_snps	mean_std_ihs	max_std_ihs	mean_pvalue	min_pvalue	top_snp_location	top_snp_std_ihs	chr_type
X	4278159	4289935	11776	20	5.069726999999999	7.00866	3.983867273849029e-07	2.4060753389676393e-12	X:4287855:A:AAGG	7.00866	X chromosome
X	5122912	5151056	28144	138	4.671591376811595	5.64308	2.9887508505854754e-06	1.6703468386225495e-08	X:5127224:GGTGT:G	5.64308	X chromosome
X	10777644	10804394	26750	36	4.378638888888889	6.2391	1.1942282296173445e-05	4.40095515585881e-10	X:10789224:GGCTAA:G	6.2391	X chromosome
X	31794522	31807273	12751	21	4.351946666666667	6.58517	1.3493408986597899e-05	4.5436543416599307e-11	X:31794522:T:G	6.58517	X chromosome
X	33829701	33852480	22779	41	4.265222682926829	6.7961	1.9970292186144434e-05	1.074895727981584e-11	X:33852268:CA:C	6.7961	X chromosome
X	36598484	36640391	41907	68	4.163297205882353	5.94622	3.1368463102143807e-05	2.7440529848377082e-09	X:36630085:A:C	5.94622	X chromosome
X	86977496	86991630	14134	33	4.34209393939394	5.36344	1.4113116201475151e-05	8.165178222441227e-08	X:86990609:A:G	5.36344	X chromosome
X	87165073	87204799	39726	95	4.147092842105263	6.99409	3.3672354509572955e-05	2.6698643296185764e-12	X:87176194:C:CGATAGAT	6.99409	X chromosome
X	88522243	88539245	17002	20	4.079116	4.95284	4.520727651002865e-05	7.313811023479388e-07	X:88525017:TGAATATGA:T	4.95284	X chromosome
X	96236338	96253400	17062	21	4.514015238095238	4.99378	6.3611643368322035e-06	5.920884111887403e-07	X:96253400:CTT:C	4.99378	X chromosome
X	96323003	96336732	13729	21	4.834621904761905	6.89836	1.3339893707442485e-06	5.260680779883842e-12	X:96336732:G:C	6.89836	X chromosome
X	99803248	99814759	11511	20	4.2582	5.00223	2.060795396863213e-05	5.667092097816351e-07	X:99811187:G:T	5.00223	X chromosome
X	116757828	116777694	19866	26	4.865494615384614	6.66651	1.1417091960730374e-06	2.619571226603057e-11	X:116758991:G:A	6.66651	X chromosome
X	117354375	117372605	18230	27	4.516852592592592	6.57885	6.276556568041158e-06	4.7410075865172985e-11	X:117372137:T:G	6.57885	X chromosome
X	117425882	117440268	14386	53	4.194420188679246	4.89674	2.735704514944537e-05	9.743962372521509e-07	X:117435066:ATGTGTGTGTG:A	4.89674	X chromosome
X	118414297	118445236	30939	35	4.763481714285714	6.01722	1.9028086113426212e-06	1.7743786440149734e-09	X:118416807:C:T	6.01722	X chromosome
X	122691914	122712503	20589	58	4.759135689655173	6.79731	1.9442370484679117e-06	1.0659029214821203e-11	X:122698213:CTTT:C	6.79731	X chromosome
X	146478624	146489384	10760	44	3.7394209090909096	4.67469	0.00018444466769529377	2.943979722225265e-06	X:146487483:C:T	4.67469	X chromosome
