ihs_pos	relate_pos	distance_bp	location	ref	alt	ihs	std_ihs	ihs_neg_log10_p	population	relate_neg_log10_p_lifetime	relate_neg_log10_p_50pct	iHH_0	iHH_1	signal_type	ihs_strength	relate_strength
155704767	155711109	6342	X:155704767:T:G	T	G	0.310074	-4.40563	4.97684276077146	PUR	6.32464	0.954899	11.1209	8.15595	Weak		Strong
155705325	155711109	5784	X:155705325:G:A	G	A	0.311203	-4.4051	4.9757808616819466	PUR	6.32464	0.954899	11.0689	8.10871	Weak		Strong
2781409	2767094	14315	X:2781409:A:C	A	C	0.00495651	-4.04137	4.274579780678739	MSL	6.59994	1.8151	10.5802	10.5279	Weak		Strong
2781409	2764227	17182	X:2781409:A:C	A	C	0.00495651	-4.04137	4.274579780678739	PUR	6.3929	1.18669	10.5802	10.5279	Weak		Strong
2781409	2763891	17518	X:2781409:A:C	A	C	0.00495651	-4.04137	4.274579780678739	YRI	6.07054	1.71019	10.5802	10.5279	Weak		Strong
2781319	2767094	14225	X:2781319:T:C	T	C	0.248121	-3.95799	4.121575177315409	MSL	6.59994	1.8151	9.88185	7.71047	Weak		Strong
2781319	2764227	17092	X:2781319:T:C	T	C	0.248121	-3.95799	4.121575177315409	PUR	6.3929	1.18669	9.88185	7.71047	Weak		Strong
2781319	2763891	17428	X:2781319:T:C	T	C	0.248121	-3.95799	4.121575177315409	YRI	6.07054	1.71019	9.88185	7.71047	Weak		Strong
2781309	2767094	14215	X:2781309:A:T	A	T	0.308725	-3.84813	3.924369502153818	MSL	6.59994	1.8151	9.76558	7.17167	Weak		Strong
2781309	2764227	17082	X:2781309:A:T	A	T	0.308725	-3.84813	3.924369502153818	PUR	6.3929	1.18669	9.76558	7.17167	Weak		Strong
2781309	2763891	17418	X:2781309:A:T	A	T	0.308725	-3.84813	3.924369502153818	YRI	6.07054	1.71019	9.76558	7.17167	Weak		Strong
