CHR	POS	ANC	DER	Std_iHS	win_start
22	17072191	T	C	-2.09027	17000000
22	17113082	AG	A	1.95986	17100000
22	17253529	A	G	-4.21676	17200000
22	17301072	G	A	-2.51756	17300000
22	17435685	TA	T	4.4566	17400000
22	17585653	T	A	5.6614	17500000
22	17605973	T	TA	4.81909	17600000
22	17721169	CA	C	3.80071	17700000
22	17868809	A	G	-4.6203	17800000
22	17958694	TG	T	-4.50524	17900000
22	18017388	T	A	5.07418	18000000
22	18143042	G	C	-4.60183	18100000
22	18231106	A	C	0.803342	18200000
22	18357256	G	A	0.96858	18300000
22	18418397	T	G	1.05356	18400000
22	18509212	C	T	1.94251	18500000
22	18607988	T	A	2.84978	18600000
22	18792912	T	C	1.38719	18700000
22	18891209	AAT	A	1.69493	18800000
22	18987460	C	T	4.85037	18900000
22	19039364	C	A	-4.9081	19000000
22	19185326	C	CT	-5.38026	19100000
22	19207358	C	T	-3.02241	19200000
22	19306502	G	C	-3.37898	19300000
22	19423524	CAT	C	4.68607	19400000
22	19552947	AT	A	-4.34075	19500000
22	19601398	C	T	1.85456	19600000
22	19737090	G	A	-1.59249	19700000
22	19880248	C	T	2.61382	19800000
22	19952985	TAAATAAATA	T	5.31923	19900000
22	20045273	C	CA	-4.46938	20000000
22	20124820	T	TC	-5.4181	20100000
22	20273035	GGGCAGGGAA	G	5.31322	20200000
22	20337572	T	A	0.961155	20300000
22	20418877	A	G	-3.83612	20400000
22	20572639	G	GC	8.03692	20500000
22	20696393	G	A	4.03575	20600000
22	20756275	G	A	-3.22337	20700000
22	20885820	G	A	2.33809	20800000
22	20948032	T	C	-3.42999	20900000
22	21019313	TTTTG	T	4.92768	21000000
22	21138744	A	G	5.63539	21100000
22	21294573	T	C	1.74668	21200000
22	21366459	TTC	T	-1.78868	21300000
22	21459508	CA	C	1.79667	21400000
22	21567984	T	C	4.39669	21500000
22	21695080	G	T	-3.52185	21600000
22	21766866	A	G	-4.55328	21700000
22	21871494	CT	C	-4.38092	21800000
22	21969930	ATT	A	-4.00438	21900000
22	22055863	G	GTTTTTTTTT	-6.03883	22000000
22	22185882	T	C	-4.44373	22100000
22	22201043	G	A	-1.57838	22200000
22	22323311	G	A	-5.29886	22300000
22	22437817	G	A	3.7654	22400000
22	22532432	A	G	6.01383	22500000
22	22628748	T	C	-4.68237	22600000
22	22899788	T	A	4.9323	22800000
22	22904385	A	C	-4.66633	22900000
22	23044467	A	G	2.69825	23000000
22	23170367	C	A	-2.61669	23100000
22	23202307	A	G	-1.95495	23200000
22	23315687	A	G	3.38925	23300000
22	23407076	C	CA	1.96873	23400000
22	23568559	G	A	-3.91793	23500000
22	23682628	C	T	-1.80287	23600000
22	23784360	G	GT	-3.86606	23700000
22	23802424	C	G	4.25502	23800000
22	23998907	G	A	-4.37126	23900000
22	24003036	A	G	-6.6873	24000000
22	24131228	TCTC	T	2.38698	24100000
22	24299473	T	C	-4.42742	24200000
22	24395538	AG	A	1.70723	24300000
22	24441941	C	CT	-2.20229	24400000
22	24563244	ATG	A	2.35399	24500000
22	24698365	C	CT	0.590268	24600000
22	24766617	T	C	1.99834	24700000
22	24837589	C	CG	-6.11459	24800000
22	24942216	G	A	-3.70078	24900000
22	25011002	T	A	-3.75191	25000000
22	25160610	A	G	-4.59338	25100000
22	25285786	G	GA	5.24078	25200000
22	25396009	AC	A	4.26458	25300000
22	25401871	AC	A	4.87466	25400000
22	25526644	G	GAGAGAGAGA	-3.06731	25500000
22	25671136	A	G	-3.71284	25600000
22	25799990	A	T	-4.49294	25700000
22	25801437	T	C	-4.88599	25800000
22	25919177	G	A	-3.19313	25900000
22	26035897	T	C	3.98599	26000000
22	26106543	A	G	-5.2442	26100000
22	26262246	T	TTATC	-2.79373	26200000
22	26392086	T	C	-4.39732	26300000
22	26478648	T	C	-3.52524	26400000
22	26586102	C	T	4.19644	26500000
22	26659835	TC	T	1.93258	26600000
22	26712254	G	A	-3.90214	26700000
22	26855516	C	G	-1.46064	26800000
22	26959385	A	G	-3.44239	26900000
22	27024355	A	G	-2.09972	27000000
22	27194378	T	C	-2.66527	27100000
22	27288197	T	C	-2.291	27200000
22	27370797	G	A	-4.98996	27300000
22	27411137	C	A	-1.81775	27400000
22	27556647	T	C	-3.49687	27500000
22	27649373	CATGGATGGA	C	2.19975	27600000
22	27759975	TG	T	1.97428	27700000
22	27823554	T	G	-5.81027	27800000
22	27952845	G	A	-1.71184	27900000
22	28020559	C	G	2.48208	28000000
22	28135100	T	C	-2.06557	28100000
22	28247468	G	A	-4.17103	28200000
22	28378722	T	C	-3.62013	28300000
22	28422875	T	C	-2.62674	28400000
22	28506051	G	GT	1.3001	28500000
22	28637470	T	C	-3.28049	28600000
22	28727858	T	A	4.44368	28700000
22	28817066	A	T	-3.92134	28800000
22	28944754	CA	C	4.90939	28900000
22	29068084	C	CTTT	-3.68118	29000000
22	29195816	CTG	C	3.49202	29100000
22	29221249	GGGA	G	4.25717	29200000
22	29377880	A	G	-4.71201	29300000
22	29495013	T	C	-4.98031	29400000
22	29541885	A	T	-3.43905	29500000
22	29690155	C	T	-4.8135	29600000
22	29751221	G	A	-5.15333	29700000
22	29807844	G	A	-3.02388	29800000
22	29904597	C	G	-2.1459	29900000
22	30051803	ATT	A	2.51559	30000000
22	30174454	C	G	-3.62112	30100000
22	30297550	G	A	-4.17274	30200000
22	30357670	ATTT	A	4.69338	30300000
22	30415123	G	A	-3.98612	30400000
22	30510207	A	G	4.64693	30500000
22	30647497	A	G	-5.02071	30600000
22	30714181	T	G	-5.07469	30700000
22	30830887	C	CAAA	-5.43512	30800000
22	30996911	CAA	C	1.88556	30900000
22	31008183	AC	A	3.13594	31000000
22	31113436	TAA	T	2.52402	31100000
22	31276452	T	TCGG	-3.6441	31200000
22	31300292	G	C	-3.18892	31300000
22	31454905	A	AC	-4.63631	31400000
22	31568166	A	G	-4.0632	31500000
22	31673776	C	CT	3.77699	31600000
22	31708681	T	C	-4.69009	31700000
22	31828687	G	A	-4.8518	31800000
22	31949977	T	C	2.84172	31900000
22	32046789	A	G	-4.09924	32000000
22	32191491	T	C	3.23609	32100000
22	32257662	C	CTTTTTTTTT	5.97813	32200000
22	32304933	T	G	-5.57111	32300000
22	32454362	G	A	6.49265	32400000
22	32505660	G	A	-5.09925	32500000
22	32679048	C	CT	-4.82047	32600000
22	32771237	C	T	3.01813	32700000
22	32893161	C	G	-5.42458	32800000
22	32902388	A	G	-4.96934	32900000
22	33092805	G	A	-3.58542	33000000
22	33101046	T	C	-2.62479	33100000
22	33229461	A	G	-4.16633	33200000
22	33393568	C	T	4.35139	33300000
22	33425028	T	C	-5.95673	33400000
22	33567804	G	A	3.71515	33500000
22	33601116	T	A	-1.9167	33600000
22	33797669	T	G	-2.24171	33700000
22	33844649	G	A	-6.06681	33800000
22	33940618	A	G	-4.3722	33900000
22	34019026	G	A	-3.45482	34000000
22	34152542	C	CAAA	-2.80779	34100000
22	34260603	T	C	5.48456	34200000
22	34337618	AG	A	5.02989	34300000
22	34479239	A	G	-5.30766	34400000
22	34509945	C	G	-4.10446	34500000
22	34603374	G	C	5.71347	34600000
22	34758064	GAAGTGATTG	G	5.15398	34700000
22	34845839	G	T	-3.56963	34800000
22	34998742	G	A	-4.76709	34900000
22	35017946	A	G	6.01354	35000000
22	35173697	T	G	-3.63333	35100000
22	35217050	A	T	2.8782	35200000
22	35362474	A	G	2.17702	35300000
22	35418672	T	A	-4.99261	35400000
22	35576443	T	TCACA	-2.76014	35500000
22	35643572	C	A	-2.25411	35600000
22	35733760	TATCTC	T	1.79911	35700000
22	35876590	G	A	-3.70009	35800000
22	35944616	T	C	-2.46168	35900000
22	36032340	C	T	-4.95847	36000000
22	36181894	C	T	2.72395	36100000
22	36280369	G	A	-3.03307	36200000
22	36380456	G	A	3.85839	36300000
22	36489552	A	G	-4.64711	36400000
22	36538330	T	A	-4.69347	36500000
22	36613156	C	CTCTGTG	-3.82981	36600000
22	36719203	G	A	3.66765	36700000
22	36828936	CT	C	3.60112	36800000
22	36996235	AT	A	3.46217	36900000
22	37040452	AGTGT	A	3.07703	37000000
22	37171787	G	A	2.52259	37100000
22	37248075	T	C	-2.68681	37200000
22	37350924	C	T	1.69818	37300000
22	37412082	G	C	2.29823	37400000
22	37576247	G	T	-6.32308	37500000
22	37664238	CT	C	-2.27563	37600000
22	37717871	C	G	-4.30657	37700000
22	37846116	G	A	2.36117	37800000
22	37949449	ATT	A	4.73873	37900000
22	38030131	A	G	2.42294	38000000
22	38126880	A	G	-3.50837	38100000
22	38238382	C	T	3.89091	38200000
22	38373287	A	G	-4.62132	38300000
22	38437775	G	A	-3.75893	38400000
22	38590243	G	A	1.79748	38500000
22	38743587	CA	C	4.00387	38700000
22	38885631	A	G	-5.21697	38800000
22	38903031	A	T	-3.40041	38900000
22	39075449	CTT	C	1.969	39000000
22	39157345	AC	A	2.95697	39100000
22	39297513	C	G	-1.73714	39200000
22	39318733	A	G	-3.21432	39300000
22	39497934	A	T	-1.70287	39400000
22	39558970	G	GGTGTGT	-3.39247	39500000
22	39675742	T	C	-2.86876	39600000
22	39787053	C	CTG	2.48851	39700000
22	39878486	T	TA	1.9315	39800000
22	39909639	C	A	5.51987	39900000
22	40093663	A	G	-2.81985	40000000
22	40117585	T	C	-1.58485	40100000
22	40299751	G	A	-2.76283	40200000
22	40303021	CCTTCTT	C	1.60302	40300000
22	40414947	T	C	1.37316	40400000
22	40539263	G	A	-1.2462	40500000
22	40629755	G	A	-3.14961	40600000
22	40704420	T	A	-2.83997	40700000
22	40828389	G	C	1.46162	40800000
22	40992820	C	T	1.86197	40900000
22	41059767	C	CT	2.63013	41000000
22	41256328	C	T	-4.65789	41200000
22	41363121	C	CCT	3.11745	41300000
22	41468186	A	T	-2.37399	41400000
22	41512401	T	C	2.23544	41500000
22	41621056	G	C	-2.32485	41600000
22	41798958	A	G	-2.41606	41700000
22	41805107	A	G	-2.65424	41800000
22	41901964	T	C	-4.18097	41900000
22	42093430	G	C	-2.34069	42000000
22	42105798	G	A	2.87187	42100000
22	42279954	TG	T	3.02678	42200000
22	42323318	G	GGGTGGC	-4.88511	42300000
22	42469004	G	A	4.74484	42400000
22	42589304	G	A	-3.4304	42500000
22	42611588	G	C	-3.65747	42600000
22	42777737	T	C	-2.56306	42700000
22	42831266	T	G	-2.7626	42800000
22	42908037	A	AAC	-3.72942	42900000
22	43087838	C	CA	3.39699	43000000
22	43180250	T	G	-3.26843	43100000
22	43210662	T	C	-4.1556	43200000
22	43358896	TAAAA	T	4.52013	43300000
22	43485814	T	C	-3.66204	43400000
22	43565758	GA	G	2.90797	43500000
22	43660064	A	G	-4.86075	43600000
22	43727622	G	A	-3.85926	43700000
22	43868091	C	A	-3.68103	43800000
22	43963117	A	G	-4.56196	43900000
22	44035374	T	C	-2.31407	44000000
22	44145092	G	A	-3.07322	44100000
22	44249813	G	A	-2.29226	44200000
22	44375972	TTGTGTGTGT	T	4.35939	44300000
22	44483882	C	T	-4.03846	44400000
22	44506741	T	C	3.79566	44500000
22	44610950	T	C	4.49315	44600000
22	44738668	C	T	-5.67674	44700000
22	44868011	C	T	-4.55756	44800000
22	44934355	G	A	-2.45964	44900000
22	45063213	CT	C	2.4577	45000000
22	45189151	A	G	2.85203	45100000
22	45209004	G	A	-6.08556	45200000
22	45372716	C	CTTTTTT	2.43435	45300000
22	45456155	T	TA	1.70829	45400000
22	45531000	G	A	-4.97267	45500000
22	45697430	C	T	-2.9704	45600000
22	45795728	G	A	-3.10155	45700000
22	45852290	C	T	-4.82672	45800000
22	45981128	T	G	-3.13736	45900000
22	46013297	C	A	-5.01272	46000000
22	46190213	G	A	-5.21636	46100000
22	46220942	C	CA	4.48373	46200000
22	46385778	C	T	6.10128	46300000
22	46486922	T	A	-4.26562	46400000
22	46503876	AT	A	1.91053	46500000
22	46664487	C	CA	2.94105	46600000
22	46779295	C	T	4.08775	46700000
22	46891183	A	C	2.65296	46800000
22	46990784	G	A	3.97865	46900000
22	47019541	G	A	3.00205	47000000
22	47192368	T	C	7.37701	47100000
22	47297890	A	AT	2.21712	47200000
22	47316086	C	T	3.69958	47300000
22	47477688	TCTCA	T	3.94167	47400000
22	47504176	C	A	-4.59102	47500000
22	47679992	CTA	C	5.25893	47600000
22	47785720	G	C	5.57453	47700000
22	47865082	A	AATAGATAGA	-4.95423	47800000
22	47990921	C	T	-4.49461	47900000
22	48028113	G	A	1.57194	48000000
22	48120440	CTT	C	-3.94168	48100000
22	48204339	CATAGATAG	C	2.07804	48200000
22	48349178	A	ACACT	2.90469	48300000
22	48438111	A	T	2.85377	48400000
22	48584953	C	T	-6.56505	48500000
22	48600162	A	G	-4.75366	48600000
22	48772436	A	T	3.75643	48700000
22	48858700	A	G	5.2922	48800000
22	48931281	G	T	-3.83204	48900000
22	49062163	A	G	-5.81096	49000000
22	49132633	A	G	-2.87982	49100000
22	49217856	C	T	-2.80045	49200000
22	49370552	A	G	4.04013	49300000
22	49436982	GGATCT	G	5.3231	49400000
22	49585063	G	C	-2.90103	49500000
22	49646841	A	AGAGGGAGGG	-4.03977	49600000
22	49731860	G	GA	3.64266	49700000
22	49815551	GA	G	-5.89053	49800000
22	49998417	G	GTCC	4.77492	49900000
22	50045421	T	C	-6.19464	50000000
22	50123198	C	CA	-3.68838	50100000
22	50229430	A	G	-2.824	50200000
