cluster_id	Location	iHH_0	iHH_1	iHS	Std iHS	pos	abs_std_ihs	population	cluster_start	cluster_end	cluster_center	cluster_size	cluster_max_score	cluster_mean_score
13	X:21235631:A:G	2.39564e-06	0.136232	-10.9485	-4.24825	21235631	4.24825	CLM	21235631	21242103	21238867.0	2	4.87489	4.56157
19	X:30582041:TAC:T	0.0169374	5.97601e-05	5.64694	4.60034	30582041	4.60034	CLM	30582041	30841525	30699034.5	12	6.95759	5.631499999999999
47	X:68780389:G:A	1.65176e-05	0.0170102	-6.93715	-6.33143	68780389	6.33143	CLM	68780389	68786454	68782824.0	3	6.33143	6.1515233333333335
74	X:95392306:G:A	0.141957	1.0267e-06	11.8369	4.50819	95392306	4.50819	CLM	95392306	95392306	95392306.0	1	4.50819	4.50819
89	X:107783358:C:CT	0.000245411	7.69835e-07	5.76452	6.1448	107783358	6.1448	CLM	107783358	107788453	107785328.0	4	6.1448	5.1339974999999995
100	X:119301240:A:C	7.66032e-06	0.00853712	-7.01613	-4.87645	119301240	4.87645	CLM	119301240	119301240	119301240.0	1	4.87645	4.87645
116	X:122302618:A:G	1.72128e-05	0.00209867	-4.80341	-4.59804	122302618	4.59804	CLM	122302618	122403303	122352960.5	2	4.59804	4.424440000000001
118	X:140294292:G:A	6.96577e-06	0.03586	-8.54637	-6.42606	140294292	6.42606	CLM	140294292	140311404	140310653.0	3	6.42606	5.944973333333333
121	X:142890603:C:T	2.00301e-05	0.233264	-9.36269	-5.19168	142890603	5.19168	CLM	142890603	142920898	142894415.5	6	6.85227	5.554648333333334
127	X:147601948:CTTT:C	0.0936948	7.06844e-06	9.49216	7.48335	147601948	7.48335	CLM	147601948	147661861	147631904.5	2	7.48335	5.938325
129	X:146330199:A:ATTT	2.82427e-05	0.00719668	-5.54054	-5.2328	146330199	5.2328	CLM	146330199	146340883	146333378.0	3	5.2328	4.91438
