pos	relate_score	population	cluster_id	cluster_start	cluster_end	cluster_center	cluster_size	cluster_max_score	cluster_mean_score
635636	5.62358	CLM	74	635636	1658214	1147523.0	39	8.00992	5.983388974358975
660743	7.38691	CLM	74	635636	1658214	1147523.0	39	8.00992	5.983388974358975
702474	5.39419	CLM	74	635636	1658214	1147523.0	39	8.00992	5.983388974358975
702544	6.05997	CLM	74	635636	1658214	1147523.0	39	8.00992	5.983388974358975
707848	5.22105	CLM	74	635636	1658214	1147523.0	39	8.00992	5.983388974358975
716575	5.43054	CLM	74	635636	1658214	1147523.0	39	8.00992	5.983388974358975
718786	6.02653	CLM	74	635636	1658214	1147523.0	39	8.00992	5.983388974358975
718862	6.02653	CLM	74	635636	1658214	1147523.0	39	8.00992	5.983388974358975
718983	6.6681	CLM	74	635636	1658214	1147523.0	39	8.00992	5.983388974358975
830669	5.24185	CLM	74	635636	1658214	1147523.0	39	8.00992	5.983388974358975
832709	5.12623	CLM	74	635636	1658214	1147523.0	39	8.00992	5.983388974358975
832751	5.12623	CLM	74	635636	1658214	1147523.0	39	8.00992	5.983388974358975
832840	5.12623	CLM	74	635636	1658214	1147523.0	39	8.00992	5.983388974358975
883811	5.04208	CLM	74	635636	1658214	1147523.0	39	8.00992	5.983388974358975
883851	6.37507	CLM	74	635636	1658214	1147523.0	39	8.00992	5.983388974358975
986504	5.39526	CLM	74	635636	1658214	1147523.0	39	8.00992	5.983388974358975
1003019	5.72759	CLM	74	635636	1658214	1147523.0	39	8.00992	5.983388974358975
1007801	5.06021	CLM	74	635636	1658214	1147523.0	39	8.00992	5.983388974358975
1096291	5.04208	CLM	74	635636	1658214	1147523.0	39	8.00992	5.983388974358975
1147523	5.05601	CLM	74	635636	1658214	1147523.0	39	8.00992	5.983388974358975
1270685	8.00992	CLM	74	635636	1658214	1147523.0	39	8.00992	5.983388974358975
1341546	7.04023	CLM	74	635636	1658214	1147523.0	39	8.00992	5.983388974358975
1341548	7.04023	CLM	74	635636	1658214	1147523.0	39	8.00992	5.983388974358975
1352245	6.4927	CLM	74	635636	1658214	1147523.0	39	8.00992	5.983388974358975
1352649	6.4927	CLM	74	635636	1658214	1147523.0	39	8.00992	5.983388974358975
1352724	6.4927	CLM	74	635636	1658214	1147523.0	39	8.00992	5.983388974358975
1352731	7.79519	CLM	74	635636	1658214	1147523.0	39	8.00992	5.983388974358975
1354354	7.79519	CLM	74	635636	1658214	1147523.0	39	8.00992	5.983388974358975
1354393	6.4927	CLM	74	635636	1658214	1147523.0	39	8.00992	5.983388974358975
1354508	5.76171	CLM	74	635636	1658214	1147523.0	39	8.00992	5.983388974358975
1357679	6.70367	CLM	74	635636	1658214	1147523.0	39	8.00992	5.983388974358975
1380942	5.07744	CLM	74	635636	1658214	1147523.0	39	8.00992	5.983388974358975
1520114	5.90206	CLM	74	635636	1658214	1147523.0	39	8.00992	5.983388974358975
1521478	6.37507	CLM	74	635636	1658214	1147523.0	39	8.00992	5.983388974358975
1599467	6.15297	CLM	74	635636	1658214	1147523.0	39	8.00992	5.983388974358975
1611353	5.2075	CLM	74	635636	1658214	1147523.0	39	8.00992	5.983388974358975
1627957	5.45203	CLM	74	635636	1658214	1147523.0	39	8.00992	5.983388974358975
1658204	5.45596	CLM	74	635636	1658214	1147523.0	39	8.00992	5.983388974358975
1658214	5.45596	CLM	74	635636	1658214	1147523.0	39	8.00992	5.983388974358975
2967682	5.31693	CLM	73	2967682	3007633	2987657.5	2	5.31693	5.19017
3007633	5.06341	CLM	73	2967682	3007633	2987657.5	2	5.31693	5.19017
5291465	5.0441	CLM	75	5291465	5416984	5354224.5	2	5.0441	5.04309
5416984	5.04208	CLM	75	5291465	5416984	5354224.5	2	5.0441	5.04309
5933798	6.02646	CLM	77	5933798	5933798	5933798.0	1	6.02646	6.02646
6336553	5.94828	CLM	76	6336553	6340924	6340668.0	3	5.94828	5.94828
6340668	5.94828	CLM	76	6336553	6340924	6340668.0	3	5.94828	5.94828
6340924	5.94828	CLM	76	6336553	6340924	6340668.0	3	5.94828	5.94828
7631469	6.32977	CLM	78	7631469	7808338	7682137.0	12	6.32977	5.586406666666668
7648271	5.89045	CLM	78	7631469	7808338	7682137.0	12	6.32977	5.586406666666668
7655735	5.89045	CLM	78	7631469	7808338	7682137.0	12	6.32977	5.586406666666668
7655777	5.89045	CLM	78	7631469	7808338	7682137.0	12	6.32977	5.586406666666668
7657943	5.89045	CLM	78	7631469	7808338	7682137.0	12	6.32977	5.586406666666668
7659677	5.89045	CLM	78	7631469	7808338	7682137.0	12	6.32977	5.586406666666668
7704597	5.04208	CLM	78	7631469	7808338	7682137.0	12	6.32977	5.586406666666668
7734286	5.29426	CLM	78	7631469	7808338	7682137.0	12	6.32977	5.586406666666668
7747611	5.29426	CLM	78	7631469	7808338	7682137.0	12	6.32977	5.586406666666668
7748257	5.29426	CLM	78	7631469	7808338	7682137.0	12	6.32977	5.586406666666668
7786290	5.165	CLM	78	7631469	7808338	7682137.0	12	6.32977	5.586406666666668
7808338	5.165	CLM	78	7631469	7808338	7682137.0	12	6.32977	5.586406666666668
8548379	5.31693	CLM	79	8548379	8548379	8548379.0	1	5.31693	5.31693
8856093	6.89132	CLM	80	8856093	8856093	8856093.0	1	6.89132	6.89132
9978972	5.79425	CLM	81	9978972	10117187	10022661.0	17	8.68011	5.882535882352941
9993532	5.54868	CLM	81	9978972	10117187	10022661.0	17	8.68011	5.882535882352941
9997252	8.68011	CLM	81	9978972	10117187	10022661.0	17	8.68011	5.882535882352941
9997407	8.68011	CLM	81	9978972	10117187	10022661.0	17	8.68011	5.882535882352941
10002776	5.06341	CLM	81	9978972	10117187	10022661.0	17	8.68011	5.882535882352941
10002779	5.06341	CLM	81	9978972	10117187	10022661.0	17	8.68011	5.882535882352941
10002804	7.18176	CLM	81	9978972	10117187	10022661.0	17	8.68011	5.882535882352941
10006997	7.18176	CLM	81	9978972	10117187	10022661.0	17	8.68011	5.882535882352941
10022661	5.79425	CLM	81	9978972	10117187	10022661.0	17	8.68011	5.882535882352941
10029183	5.06341	CLM	81	9978972	10117187	10022661.0	17	8.68011	5.882535882352941
10030793	5.06341	CLM	81	9978972	10117187	10022661.0	17	8.68011	5.882535882352941
10032293	5.06341	CLM	81	9978972	10117187	10022661.0	17	8.68011	5.882535882352941
10037218	5.06341	CLM	81	9978972	10117187	10022661.0	17	8.68011	5.882535882352941
10038412	5.06341	CLM	81	9978972	10117187	10022661.0	17	8.68011	5.882535882352941
10039919	5.06341	CLM	81	9978972	10117187	10022661.0	17	8.68011	5.882535882352941
10068028	5.06021	CLM	81	9978972	10117187	10022661.0	17	8.68011	5.882535882352941
10117187	5.5747	CLM	81	9978972	10117187	10022661.0	17	8.68011	5.882535882352941
10938718	5.31693	CLM	82	10938718	10952786	10945752.0	2	5.31693	5.19017
10952786	5.06341	CLM	82	10938718	10952786	10945752.0	2	5.31693	5.19017
11242406	5.22105	CLM	83	11242406	11306488	11274447.0	2	5.22105	5.190835
11306488	5.16062	CLM	83	11242406	11306488	11274447.0	2	5.22105	5.190835
13460854	5.06021	CLM	98	13460854	13841056	13637382.0	9	6.28786	5.728731111111111
13462815	5.06021	CLM	98	13460854	13841056	13637382.0	9	6.28786	5.728731111111111
13630737	5.89045	CLM	98	13460854	13841056	13637382.0	9	6.28786	5.728731111111111
13635393	5.89045	CLM	98	13460854	13841056	13637382.0	9	6.28786	5.728731111111111
13637382	5.89045	CLM	98	13460854	13841056	13637382.0	9	6.28786	5.728731111111111
13637788	5.89045	CLM	98	13460854	13841056	13637382.0	9	6.28786	5.728731111111111
13666307	5.79425	CLM	98	13460854	13841056	13637382.0	9	6.28786	5.728731111111111
13666767	5.79425	CLM	98	13460854	13841056	13637382.0	9	6.28786	5.728731111111111
13841056	6.28786	CLM	98	13460854	13841056	13637382.0	9	6.28786	5.728731111111111
14163778	5.22105	CLM	99	14163778	14163778	14163778.0	1	5.22105	5.22105
15264200	5.31693	CLM	97	15264200	15264201	15264200.5	2	5.31693	5.31693
15264201	5.31693	CLM	97	15264200	15264201	15264200.5	2	5.31693	5.31693
17411275	5.58526	CLM	86	17411275	17411275	17411275.0	1	5.58526	5.58526
17661883	5.06341	CLM	85	17661883	17737888	17666703.0	3	5.79425	5.307023333333333
17666703	5.06341	CLM	85	17661883	17737888	17666703.0	3	5.79425	5.307023333333333
17737888	5.79425	CLM	85	17661883	17737888	17666703.0	3	5.79425	5.307023333333333
18008426	5.79425	CLM	84	18008426	18010284	18009355.0	2	5.79425	5.79425
18010284	5.79425	CLM	84	18008426	18010284	18009355.0	2	5.79425	5.79425
18529129	7.21422	CLM	88	18529129	19435452	19270541.0	51	10.3557	6.387790784313726
18543946	6.49403	CLM	88	18529129	19435452	19270541.0	51	10.3557	6.387790784313726
18710600	5.39526	CLM	88	18529129	19435452	19270541.0	51	10.3557	6.387790784313726
18739517	5.98243	CLM	88	18529129	19435452	19270541.0	51	10.3557	6.387790784313726
18882445	6.02646	CLM	88	18529129	19435452	19270541.0	51	10.3557	6.387790784313726
18887267	7.05071	CLM	88	18529129	19435452	19270541.0	51	10.3557	6.387790784313726
18887973	6.39015	CLM	88	18529129	19435452	19270541.0	51	10.3557	6.387790784313726
18888193	5.38217	CLM	88	18529129	19435452	19270541.0	51	10.3557	6.387790784313726
18888601	7.05071	CLM	88	18529129	19435452	19270541.0	51	10.3557	6.387790784313726
18953009	6.85314	CLM	88	18529129	19435452	19270541.0	51	10.3557	6.387790784313726
18994031	6.25165	CLM	88	18529129	19435452	19270541.0	51	10.3557	6.387790784313726
19119877	5.165	CLM	88	18529129	19435452	19270541.0	51	10.3557	6.387790784313726
19125399	5.165	CLM	88	18529129	19435452	19270541.0	51	10.3557	6.387790784313726
19154225	6.42283	CLM	88	18529129	19435452	19270541.0	51	10.3557	6.387790784313726
19168560	6.42283	CLM	88	18529129	19435452	19270541.0	51	10.3557	6.387790784313726
19186190	6.91046	CLM	88	18529129	19435452	19270541.0	51	10.3557	6.387790784313726
19202612	6.02646	CLM	88	18529129	19435452	19270541.0	51	10.3557	6.387790784313726
19202649	6.02646	CLM	88	18529129	19435452	19270541.0	51	10.3557	6.387790784313726
19205090	6.02646	CLM	88	18529129	19435452	19270541.0	51	10.3557	6.387790784313726
19205203	5.99312	CLM	88	18529129	19435452	19270541.0	51	10.3557	6.387790784313726
19224895	5.49949	CLM	88	18529129	19435452	19270541.0	51	10.3557	6.387790784313726
19239119	6.32977	CLM	88	18529129	19435452	19270541.0	51	10.3557	6.387790784313726
19239970	6.32977	CLM	88	18529129	19435452	19270541.0	51	10.3557	6.387790784313726
19240194	6.20944	CLM	88	18529129	19435452	19270541.0	51	10.3557	6.387790784313726
19252812	6.32977	CLM	88	18529129	19435452	19270541.0	51	10.3557	6.387790784313726
19270541	5.72759	CLM	88	18529129	19435452	19270541.0	51	10.3557	6.387790784313726
19279523	5.72759	CLM	88	18529129	19435452	19270541.0	51	10.3557	6.387790784313726
19279617	5.72759	CLM	88	18529129	19435452	19270541.0	51	10.3557	6.387790784313726
19280014	5.72759	CLM	88	18529129	19435452	19270541.0	51	10.3557	6.387790784313726
19280930	5.72759	CLM	88	18529129	19435452	19270541.0	51	10.3557	6.387790784313726
19285144	6.6681	CLM	88	18529129	19435452	19270541.0	51	10.3557	6.387790784313726
19294862	5.22105	CLM	88	18529129	19435452	19270541.0	51	10.3557	6.387790784313726
19295968	10.3557	CLM	88	18529129	19435452	19270541.0	51	10.3557	6.387790784313726
19299741	5.22105	CLM	88	18529129	19435452	19270541.0	51	10.3557	6.387790784313726
19300638	8.96602	CLM	88	18529129	19435452	19270541.0	51	10.3557	6.387790784313726
19301840	8.96602	CLM	88	18529129	19435452	19270541.0	51	10.3557	6.387790784313726
19305892	6.06456	CLM	88	18529129	19435452	19270541.0	51	10.3557	6.387790784313726
19309286	9.63392	CLM	88	18529129	19435452	19270541.0	51	10.3557	6.387790784313726
19310902	9.63392	CLM	88	18529129	19435452	19270541.0	51	10.3557	6.387790784313726
19311296	9.63392	CLM	88	18529129	19435452	19270541.0	51	10.3557	6.387790784313726
19315057	5.72759	CLM	88	18529129	19435452	19270541.0	51	10.3557	6.387790784313726
19315260	5.72759	CLM	88	18529129	19435452	19270541.0	51	10.3557	6.387790784313726
19321243	5.72759	CLM	88	18529129	19435452	19270541.0	51	10.3557	6.387790784313726
19335133	5.04208	CLM	88	18529129	19435452	19270541.0	51	10.3557	6.387790784313726
19343843	5.62358	CLM	88	18529129	19435452	19270541.0	51	10.3557	6.387790784313726
19383223	5.75181	CLM	88	18529129	19435452	19270541.0	51	10.3557	6.387790784313726
19394120	5.06341	CLM	88	18529129	19435452	19270541.0	51	10.3557	6.387790784313726
19395348	7.2099	CLM	88	18529129	19435452	19270541.0	51	10.3557	6.387790784313726
19405041	5.3829	CLM	88	18529129	19435452	19270541.0	51	10.3557	6.387790784313726
19423809	5.14034	CLM	88	18529129	19435452	19270541.0	51	10.3557	6.387790784313726
19435452	5.43054	CLM	88	18529129	19435452	19270541.0	51	10.3557	6.387790784313726
19698477	5.90206	CLM	89	19698477	19698477	19698477.0	1	5.90206	5.90206
20040641	5.14034	CLM	93	20040641	20272669	20202557.0	17	7.35411	6.119998235294118
20075701	6.36639	CLM	93	20040641	20272669	20202557.0	17	7.35411	6.119998235294118
20078187	6.36639	CLM	93	20040641	20272669	20202557.0	17	7.35411	6.119998235294118
20102821	5.65375	CLM	93	20040641	20272669	20202557.0	17	7.35411	6.119998235294118
20168391	5.31501	CLM	93	20040641	20272669	20202557.0	17	7.35411	6.119998235294118
20170760	6.28786	CLM	93	20040641	20272669	20202557.0	17	7.35411	6.119998235294118
20171072	6.28786	CLM	93	20040641	20272669	20202557.0	17	7.35411	6.119998235294118
20171226	6.28786	CLM	93	20040641	20272669	20202557.0	17	7.35411	6.119998235294118
20202557	7.26256	CLM	93	20040641	20272669	20202557.0	17	7.35411	6.119998235294118
20203691	5.2075	CLM	93	20040641	20272669	20202557.0	17	7.35411	6.119998235294118
20204367	5.2075	CLM	93	20040641	20272669	20202557.0	17	7.35411	6.119998235294118
20205721	6.80721	CLM	93	20040641	20272669	20202557.0	17	7.35411	6.119998235294118
20206450	6.80721	CLM	93	20040641	20272669	20202557.0	17	7.35411	6.119998235294118
20230922	6.14658	CLM	93	20040641	20272669	20202557.0	17	7.35411	6.119998235294118
20255133	6.14658	CLM	93	20040641	20272669	20202557.0	17	7.35411	6.119998235294118
20257413	7.35411	CLM	93	20040641	20272669	20202557.0	17	7.35411	6.119998235294118
20272669	5.39526	CLM	93	20040641	20272669	20202557.0	17	7.35411	6.119998235294118
20481758	5.98243	CLM	94	20481758	20601076	20600981.0	3	5.98243	5.66131
20600981	5.50075	CLM	94	20481758	20601076	20600981.0	3	5.98243	5.66131
20601076	5.50075	CLM	94	20481758	20601076	20600981.0	3	5.98243	5.66131
20813928	5.49121	CLM	92	20813928	20823989	20816535.0	3	5.49121	5.49121
20816535	5.49121	CLM	92	20813928	20823989	20816535.0	3	5.49121	5.49121
20823989	5.49121	CLM	92	20813928	20823989	20816535.0	3	5.49121	5.49121
21148027	5.24808	CLM	90	21148027	21426734	21354370.5	12	7.47933	6.047760833333334
21178413	5.26963	CLM	90	21148027	21426734	21354370.5	12	7.47933	6.047760833333334
21209588	5.39419	CLM	90	21148027	21426734	21354370.5	12	7.47933	6.047760833333334
21284278	5.16062	CLM	90	21148027	21426734	21354370.5	12	7.47933	6.047760833333334
21295660	6.58377	CLM	90	21148027	21426734	21354370.5	12	7.47933	6.047760833333334
21352250	7.39775	CLM	90	21148027	21426734	21354370.5	12	7.47933	6.047760833333334
21356491	5.5747	CLM	90	21148027	21426734	21354370.5	12	7.47933	6.047760833333334
21368992	6.69999	CLM	90	21148027	21426734	21354370.5	12	7.47933	6.047760833333334
21373367	7.47933	CLM	90	21148027	21426734	21354370.5	12	7.47933	6.047760833333334
21394900	5.29966	CLM	90	21148027	21426734	21354370.5	12	7.47933	6.047760833333334
21403128	5.29966	CLM	90	21148027	21426734	21354370.5	12	7.47933	6.047760833333334
21426734	7.16575	CLM	90	21148027	21426734	21354370.5	12	7.47933	6.047760833333334
21637212	5.58155	CLM	91	21637212	21637212	21637212.0	1	5.58155	5.58155
22062616	5.61621	CLM	87	22062616	22144223	22124237.0	5	8.60251	6.5784080000000005
22062646	5.61621	CLM	87	22062616	22144223	22124237.0	5	8.60251	6.5784080000000005
22124237	8.60251	CLM	87	22062616	22144223	22124237.0	5	8.60251	6.5784080000000005
22128596	6.76925	CLM	87	22062616	22144223	22124237.0	5	8.60251	6.5784080000000005
22144223	6.28786	CLM	87	22062616	22144223	22124237.0	5	8.60251	6.5784080000000005
22930130	5.06341	CLM	96	22930130	23055249	22932873.0	5	6.91483	6.177068
22930819	6.91483	CLM	96	22930130	23055249	22932873.0	5	6.91483	6.177068
22932873	6.91483	CLM	96	22930130	23055249	22932873.0	5	6.91483	6.177068
22935082	6.91483	CLM	96	22930130	23055249	22932873.0	5	6.91483	6.177068
23055249	5.07744	CLM	96	22930130	23055249	22932873.0	5	6.91483	6.177068
23811835	8.28526	CLM	95	23811835	23916085	23863960.0	2	8.28526	6.680529999999999
23916085	5.0758	CLM	95	23811835	23916085	23863960.0	2	8.28526	6.680529999999999
28405165	5.98243	CLM	108	28405165	28405165	28405165.0	1	5.98243	5.98243
29548300	5.06021	CLM	103	29548300	29659410	29658008.0	3	5.59084	5.413963333333332
29658008	5.59084	CLM	103	29548300	29659410	29658008.0	3	5.59084	5.413963333333332
29659410	5.59084	CLM	103	29548300	29659410	29658008.0	3	5.59084	5.413963333333332
30051207	6.02653	CLM	104	30051207	30051207	30051207.0	1	6.02653	6.02653
30485294	5.43054	CLM	102	30485294	30598218	30508623.0	3	7.05071	5.970596666666666
30508623	5.43054	CLM	102	30485294	30598218	30508623.0	3	7.05071	5.970596666666666
30598218	7.05071	CLM	102	30485294	30598218	30508623.0	3	7.05071	5.970596666666666
31506859	5.68863	CLM	107	31506859	31506859	31506859.0	1	5.68863	5.68863
32414601	5.55893	CLM	105	32414601	32793769	32629629.0	13	7.36154	6.3138453846153855
32414738	5.55893	CLM	105	32414601	32793769	32629629.0	13	7.36154	6.3138453846153855
32430220	6.25241	CLM	105	32414601	32793769	32629629.0	13	7.36154	6.3138453846153855
32623009	5.29966	CLM	105	32414601	32793769	32629629.0	13	7.36154	6.3138453846153855
32628612	6.37507	CLM	105	32414601	32793769	32629629.0	13	7.36154	6.3138453846153855
32629222	7.16575	CLM	105	32414601	32793769	32629629.0	13	7.36154	6.3138453846153855
32629629	6.69999	CLM	105	32414601	32793769	32629629.0	13	7.36154	6.3138453846153855
32629678	6.69999	CLM	105	32414601	32793769	32629629.0	13	7.36154	6.3138453846153855
32642366	5.29426	CLM	105	32414601	32793769	32629629.0	13	7.36154	6.3138453846153855
32668654	5.16062	CLM	105	32414601	32793769	32629629.0	13	7.36154	6.3138453846153855
32675371	7.2913	CLM	105	32414601	32793769	32629629.0	13	7.36154	6.3138453846153855
32792408	7.36154	CLM	105	32414601	32793769	32629629.0	13	7.36154	6.3138453846153855
32793769	7.36154	CLM	105	32414601	32793769	32629629.0	13	7.36154	6.3138453846153855
33445958	5.62358	CLM	106	33445958	33445958	33445958.0	1	5.62358	5.62358
36125637	5.165	CLM	100	36125637	36125637	36125637.0	1	5.165	5.165
36619325	5.29966	CLM	101	36619325	36619325	36619325.0	1	5.29966	5.29966
40837762	6.56681	CLM	109	40837762	40899588	40866159.0	3	6.56681	5.643293333333333
40866159	5.06341	CLM	109	40837762	40899588	40866159.0	3	6.56681	5.643293333333333
40899588	5.29966	CLM	109	40837762	40899588	40866159.0	3	6.56681	5.643293333333333
41407907	5.39526	CLM	110	41407907	41407907	41407907.0	1	5.39526	5.39526
41987250	6.17423	CLM	111	41987250	41987250	41987250.0	1	6.17423	6.17423
44849877	5.62358	CLM	116	44849877	44849877	44849877.0	1	5.62358	5.62358
45321561	5.02983	CLM	115	45321561	45322474	45322161.0	3	5.02983	5.02983
45322161	5.02983	CLM	115	45321561	45322474	45322161.0	3	5.02983	5.02983
45322474	5.02983	CLM	115	45321561	45322474	45322161.0	3	5.02983	5.02983
46044326	5.31501	CLM	114	46044326	46172895	46108610.5	2	5.31501	5.17242
46172895	5.02983	CLM	114	46044326	46172895	46108610.5	2	5.31501	5.17242
47681235	5.2075	CLM	117	47681235	47723890	47714070.0	5	6.9374	6.327182
47712976	6.9374	CLM	117	47681235	47723890	47714070.0	5	6.9374	6.327182
47714070	6.9374	CLM	117	47681235	47723890	47714070.0	5	6.9374	6.327182
47723310	6.9374	CLM	117	47681235	47723890	47714070.0	5	6.9374	6.327182
47723890	5.61621	CLM	117	47681235	47723890	47714070.0	5	6.9374	6.327182
48046594	5.58526	CLM	118	48046594	48086929	48085933.0	5	5.58526	5.376519999999999
48081706	5.06341	CLM	118	48046594	48086929	48085933.0	5	5.58526	5.376519999999999
48085933	5.06341	CLM	118	48046594	48086929	48085933.0	5	5.58526	5.376519999999999
48086838	5.58526	CLM	118	48046594	48086929	48085933.0	5	5.58526	5.376519999999999
48086929	5.58526	CLM	118	48046594	48086929	48085933.0	5	5.58526	5.376519999999999
49122065	5.22105	CLM	122	49122065	49122065	49122065.0	1	5.22105	5.22105
49699404	5.06341	CLM	121	49699404	49724351	49704298.0	8	5.31693	5.0951
49699529	5.06341	CLM	121	49699404	49724351	49704298.0	8	5.31693	5.0951
49700096	5.06341	CLM	121	49699404	49724351	49704298.0	8	5.31693	5.0951
49703123	5.06341	CLM	121	49699404	49724351	49704298.0	8	5.31693	5.0951
49705473	5.06341	CLM	121	49699404	49724351	49704298.0	8	5.31693	5.0951
49713477	5.06341	CLM	121	49699404	49724351	49704298.0	8	5.31693	5.0951
49714863	5.06341	CLM	121	49699404	49724351	49704298.0	8	5.31693	5.0951
49724351	5.31693	CLM	121	49699404	49724351	49704298.0	8	5.31693	5.0951
50511192	5.165	CLM	120	50511192	50653988	50535887.5	4	5.165	5.165
50525200	5.165	CLM	120	50511192	50653988	50535887.5	4	5.165	5.165
50546575	5.165	CLM	120	50511192	50653988	50535887.5	4	5.165	5.165
50653988	5.165	CLM	120	50511192	50653988	50535887.5	4	5.165	5.165
50998131	5.06021	CLM	119	50998131	51173297	51057096.0	18	5.98243	5.517262222222222
51006467	5.22105	CLM	119	50998131	51173297	51057096.0	18	5.98243	5.517262222222222
51045702	5.58526	CLM	119	50998131	51173297	51057096.0	18	5.98243	5.517262222222222
51046242	5.58526	CLM	119	50998131	51173297	51057096.0	18	5.98243	5.517262222222222
51047069	5.58526	CLM	119	50998131	51173297	51057096.0	18	5.98243	5.517262222222222
51048744	5.58526	CLM	119	50998131	51173297	51057096.0	18	5.98243	5.517262222222222
51055071	5.3829	CLM	119	50998131	51173297	51057096.0	18	5.98243	5.517262222222222
51055812	5.58526	CLM	119	50998131	51173297	51057096.0	18	5.98243	5.517262222222222
51056089	5.58526	CLM	119	50998131	51173297	51057096.0	18	5.98243	5.517262222222222
51058103	5.58526	CLM	119	50998131	51173297	51057096.0	18	5.98243	5.517262222222222
51058105	5.58526	CLM	119	50998131	51173297	51057096.0	18	5.98243	5.517262222222222
51066437	5.58526	CLM	119	50998131	51173297	51057096.0	18	5.98243	5.517262222222222
51072216	5.58526	CLM	119	50998131	51173297	51057096.0	18	5.98243	5.517262222222222
51082073	5.58526	CLM	119	50998131	51173297	51057096.0	18	5.98243	5.517262222222222
51085650	5.58526	CLM	119	50998131	51173297	51057096.0	18	5.98243	5.517262222222222
51093660	5.58526	CLM	119	50998131	51173297	51057096.0	18	5.98243	5.517262222222222
51166561	5.98243	CLM	119	50998131	51173297	51057096.0	18	5.98243	5.517262222222222
51173297	5.05575	CLM	119	50998131	51173297	51057096.0	18	5.98243	5.517262222222222
53289048	5.06021	CLM	112	53289048	53289048	53289048.0	1	5.06021	5.06021
54788310	5.06341	CLM	113	54788310	54788310	54788310.0	1	5.06341	5.06341
63394491	5.62358	CLM	72	63394491	63394491	63394491.0	1	5.62358	5.62358
63739368	5.165	CLM	71	63739368	63743854	63741611.0	2	5.165	5.165
63743854	5.165	CLM	71	63739368	63743854	63741611.0	2	5.165	5.165
64673969	6.25165	CLM	70	64673969	64687909	64680288.0	7	6.25165	5.36827857142857
64676235	5.22105	CLM	70	64673969	64687909	64680288.0	7	6.25165	5.36827857142857
64679120	5.22105	CLM	70	64673969	64687909	64680288.0	7	6.25165	5.36827857142857
64680288	5.22105	CLM	70	64673969	64687909	64680288.0	7	6.25165	5.36827857142857
64681804	5.22105	CLM	70	64673969	64687909	64680288.0	7	6.25165	5.36827857142857
64687358	5.22105	CLM	70	64673969	64687909	64680288.0	7	6.25165	5.36827857142857
64687909	5.22105	CLM	70	64673969	64687909	64680288.0	7	6.25165	5.36827857142857
65787190	5.06021	CLM	69	65787190	65803327	65795258.5	2	5.06021	5.06021
65803327	5.06021	CLM	69	65787190	65803327	65795258.5	2	5.06021	5.06021
68721314	5.43054	CLM	68	68721314	69104794	68943646.0	14	6.58704	5.777725714285714
68797248	5.61621	CLM	68	68721314	69104794	68943646.0	14	6.58704	5.777725714285714
68797657	5.61621	CLM	68	68721314	69104794	68943646.0	14	6.58704	5.777725714285714
68818685	5.61621	CLM	68	68721314	69104794	68943646.0	14	6.58704	5.777725714285714
68822185	5.61621	CLM	68	68721314	69104794	68943646.0	14	6.58704	5.777725714285714
68939028	5.06341	CLM	68	68721314	69104794	68943646.0	14	6.58704	5.777725714285714
68943084	6.58704	CLM	68	68721314	69104794	68943646.0	14	6.58704	5.777725714285714
68944208	6.58704	CLM	68	68721314	69104794	68943646.0	14	6.58704	5.777725714285714
68944558	6.58704	CLM	68	68721314	69104794	68943646.0	14	6.58704	5.777725714285714
68946299	5.06341	CLM	68	68721314	69104794	68943646.0	14	6.58704	5.777725714285714
69030197	6.02646	CLM	68	68721314	69104794	68943646.0	14	6.58704	5.777725714285714
69098910	5.39526	CLM	68	68721314	69104794	68943646.0	14	6.58704	5.777725714285714
69101855	5.39526	CLM	68	68721314	69104794	68943646.0	14	6.58704	5.777725714285714
69104794	6.28786	CLM	68	68721314	69104794	68943646.0	14	6.58704	5.777725714285714
80526362	5.165	CLM	67	80526362	80526362	80526362.0	1	5.165	5.165
85865622	5.98243	CLM	64	85865622	85879093	85867785.0	6	5.98243	5.98243
85866369	5.98243	CLM	64	85865622	85879093	85867785.0	6	5.98243	5.98243
85867704	5.98243	CLM	64	85865622	85879093	85867785.0	6	5.98243	5.98243
85867866	5.98243	CLM	64	85865622	85879093	85867785.0	6	5.98243	5.98243
85874241	5.98243	CLM	64	85865622	85879093	85867785.0	6	5.98243	5.98243
85879093	5.98243	CLM	64	85865622	85879093	85867785.0	6	5.98243	5.98243
87983055	5.16062	CLM	66	87983055	88113949	88102534.0	6	5.31693	5.247391666666666
88102168	5.31693	CLM	66	87983055	88113949	88102534.0	6	5.31693	5.247391666666666
88102373	5.31693	CLM	66	87983055	88113949	88102534.0	6	5.31693	5.247391666666666
88102695	5.31693	CLM	66	87983055	88113949	88102534.0	6	5.31693	5.247391666666666
88106977	5.31693	CLM	66	87983055	88113949	88102534.0	6	5.31693	5.247391666666666
88113949	5.05601	CLM	66	87983055	88113949	88102534.0	6	5.31693	5.247391666666666
88590528	5.22105	CLM	65	88590528	88647883	88604797.0	12	6.67374	5.781721666666666
88598809	5.58526	CLM	65	88590528	88647883	88604797.0	12	6.67374	5.781721666666666
88599248	5.58526	CLM	65	88590528	88647883	88604797.0	12	6.67374	5.781721666666666
88599665	5.06341	CLM	65	88590528	88647883	88604797.0	12	6.67374	5.781721666666666
88602646	5.58526	CLM	65	88590528	88647883	88604797.0	12	6.67374	5.781721666666666
88604383	5.58526	CLM	65	88590528	88647883	88604797.0	12	6.67374	5.781721666666666
88605211	5.58526	CLM	65	88590528	88647883	88604797.0	12	6.67374	5.781721666666666
88621924	5.79425	CLM	65	88590528	88647883	88604797.0	12	6.67374	5.781721666666666
88623464	5.79425	CLM	65	88590528	88647883	88604797.0	12	6.67374	5.781721666666666
88636060	6.45383	CLM	65	88590528	88647883	88604797.0	12	6.67374	5.781721666666666
88636617	6.45383	CLM	65	88590528	88647883	88604797.0	12	6.67374	5.781721666666666
88647883	6.67374	CLM	65	88590528	88647883	88604797.0	12	6.67374	5.781721666666666
95242016	5.06021	CLM	35	95242016	95701864	95525186.0	60	7.79816	5.700878666666665
95242708	5.06021	CLM	35	95242016	95701864	95525186.0	60	7.79816	5.700878666666665
95248511	5.06021	CLM	35	95242016	95701864	95525186.0	60	7.79816	5.700878666666665
95251047	5.06021	CLM	35	95242016	95701864	95525186.0	60	7.79816	5.700878666666665
95256336	5.5747	CLM	35	95242016	95701864	95525186.0	60	7.79816	5.700878666666665
95257621	5.5747	CLM	35	95242016	95701864	95525186.0	60	7.79816	5.700878666666665
95257664	5.5747	CLM	35	95242016	95701864	95525186.0	60	7.79816	5.700878666666665
95259305	5.5747	CLM	35	95242016	95701864	95525186.0	60	7.79816	5.700878666666665
95264196	5.5747	CLM	35	95242016	95701864	95525186.0	60	7.79816	5.700878666666665
95285217	7.79816	CLM	35	95242016	95701864	95525186.0	60	7.79816	5.700878666666665
95313449	6.06456	CLM	35	95242016	95701864	95525186.0	60	7.79816	5.700878666666665
95320453	6.06456	CLM	35	95242016	95701864	95525186.0	60	7.79816	5.700878666666665
95321126	6.06456	CLM	35	95242016	95701864	95525186.0	60	7.79816	5.700878666666665
95331829	5.3829	CLM	35	95242016	95701864	95525186.0	60	7.79816	5.700878666666665
95392306	5.29426	CLM	35	95242016	95701864	95525186.0	60	7.79816	5.700878666666665
95398880	5.39526	CLM	35	95242016	95701864	95525186.0	60	7.79816	5.700878666666665
95400190	5.39526	CLM	35	95242016	95701864	95525186.0	60	7.79816	5.700878666666665
95404017	5.39526	CLM	35	95242016	95701864	95525186.0	60	7.79816	5.700878666666665
95410443	5.39526	CLM	35	95242016	95701864	95525186.0	60	7.79816	5.700878666666665
95413876	5.58526	CLM	35	95242016	95701864	95525186.0	60	7.79816	5.700878666666665
95436876	5.29426	CLM	35	95242016	95701864	95525186.0	60	7.79816	5.700878666666665
95449832	5.29426	CLM	35	95242016	95701864	95525186.0	60	7.79816	5.700878666666665
95452608	5.29426	CLM	35	95242016	95701864	95525186.0	60	7.79816	5.700878666666665
95477428	5.58526	CLM	35	95242016	95701864	95525186.0	60	7.79816	5.700878666666665
95479044	5.58526	CLM	35	95242016	95701864	95525186.0	60	7.79816	5.700878666666665
95481511	5.58526	CLM	35	95242016	95701864	95525186.0	60	7.79816	5.700878666666665
95512731	5.58526	CLM	35	95242016	95701864	95525186.0	60	7.79816	5.700878666666665
95513390	5.58526	CLM	35	95242016	95701864	95525186.0	60	7.79816	5.700878666666665
95516116	5.58526	CLM	35	95242016	95701864	95525186.0	60	7.79816	5.700878666666665
95525137	5.58526	CLM	35	95242016	95701864	95525186.0	60	7.79816	5.700878666666665
95525235	5.58526	CLM	35	95242016	95701864	95525186.0	60	7.79816	5.700878666666665
95528856	6.91483	CLM	35	95242016	95701864	95525186.0	60	7.79816	5.700878666666665
95530948	6.91483	CLM	35	95242016	95701864	95525186.0	60	7.79816	5.700878666666665
95541783	6.32977	CLM	35	95242016	95701864	95525186.0	60	7.79816	5.700878666666665
95541982	6.32977	CLM	35	95242016	95701864	95525186.0	60	7.79816	5.700878666666665
95542074	6.32977	CLM	35	95242016	95701864	95525186.0	60	7.79816	5.700878666666665
95603228	5.06021	CLM	35	95242016	95701864	95525186.0	60	7.79816	5.700878666666665
95609255	5.06021	CLM	35	95242016	95701864	95525186.0	60	7.79816	5.700878666666665
95610172	5.06021	CLM	35	95242016	95701864	95525186.0	60	7.79816	5.700878666666665
95612869	5.06021	CLM	35	95242016	95701864	95525186.0	60	7.79816	5.700878666666665
95621201	5.06021	CLM	35	95242016	95701864	95525186.0	60	7.79816	5.700878666666665
95625488	5.06021	CLM	35	95242016	95701864	95525186.0	60	7.79816	5.700878666666665
95626420	5.06021	CLM	35	95242016	95701864	95525186.0	60	7.79816	5.700878666666665
95628280	7.05071	CLM	35	95242016	95701864	95525186.0	60	7.79816	5.700878666666665
95636462	6.45383	CLM	35	95242016	95701864	95525186.0	60	7.79816	5.700878666666665
95642085	5.79425	CLM	35	95242016	95701864	95525186.0	60	7.79816	5.700878666666665
95643596	5.79425	CLM	35	95242016	95701864	95525186.0	60	7.79816	5.700878666666665
95647913	5.79425	CLM	35	95242016	95701864	95525186.0	60	7.79816	5.700878666666665
95653888	5.79425	CLM	35	95242016	95701864	95525186.0	60	7.79816	5.700878666666665
95655209	5.79425	CLM	35	95242016	95701864	95525186.0	60	7.79816	5.700878666666665
95662866	5.79425	CLM	35	95242016	95701864	95525186.0	60	7.79816	5.700878666666665
95664828	5.79425	CLM	35	95242016	95701864	95525186.0	60	7.79816	5.700878666666665
95665164	5.79425	CLM	35	95242016	95701864	95525186.0	60	7.79816	5.700878666666665
95666409	5.79425	CLM	35	95242016	95701864	95525186.0	60	7.79816	5.700878666666665
95668140	5.79425	CLM	35	95242016	95701864	95525186.0	60	7.79816	5.700878666666665
95669289	5.79425	CLM	35	95242016	95701864	95525186.0	60	7.79816	5.700878666666665
95691223	6.67374	CLM	35	95242016	95701864	95525186.0	60	7.79816	5.700878666666665
95699428	5.79425	CLM	35	95242016	95701864	95525186.0	60	7.79816	5.700878666666665
95700232	5.79425	CLM	35	95242016	95701864	95525186.0	60	7.79816	5.700878666666665
95701864	5.79425	CLM	35	95242016	95701864	95525186.0	60	7.79816	5.700878666666665
96080885	5.15894	CLM	34	96080885	96081230	96081057.5	2	5.15894	5.15894
96081230	5.15894	CLM	34	96080885	96081230	96081057.5	2	5.15894	5.15894
97620167	5.06021	CLM	39	97620167	97746266	97639953.0	7	7.05071	5.64808
97624306	7.05071	CLM	39	97620167	97746266	97639953.0	7	7.05071	5.64808
97630985	5.39526	CLM	39	97620167	97746266	97639953.0	7	7.05071	5.64808
97639953	5.06341	CLM	39	97620167	97746266	97639953.0	7	7.05071	5.64808
97641142	6.02646	CLM	39	97620167	97746266	97639953.0	7	7.05071	5.64808
97661963	5.31693	CLM	39	97620167	97746266	97639953.0	7	7.05071	5.64808
97746266	5.62358	CLM	39	97620167	97746266	97639953.0	7	7.05071	5.64808
98019683	5.3829	CLM	38	98019683	98072787	98056303.0	9	6.45383	5.6170744444444445
98034159	6.02482	CLM	38	98019683	98072787	98056303.0	9	6.45383	5.6170744444444445
98034627	6.02482	CLM	38	98019683	98072787	98056303.0	9	6.45383	5.6170744444444445
98036401	6.02482	CLM	38	98019683	98072787	98056303.0	9	6.45383	5.6170744444444445
98056303	5.16062	CLM	38	98019683	98072787	98056303.0	9	6.45383	5.6170744444444445
98061472	5.16062	CLM	38	98019683	98072787	98056303.0	9	6.45383	5.6170744444444445
98064361	5.16062	CLM	38	98019683	98072787	98056303.0	9	6.45383	5.6170744444444445
98067921	5.16062	CLM	38	98019683	98072787	98056303.0	9	6.45383	5.6170744444444445
98072787	6.45383	CLM	38	98019683	98072787	98056303.0	9	6.45383	5.6170744444444445
99242312	5.58526	CLM	36	99242312	99407431	99319623.0	7	6.85314	6.013097142857143
99258447	5.58526	CLM	36	99242312	99407431	99319623.0	7	6.85314	6.013097142857143
99286073	6.85314	CLM	36	99242312	99407431	99319623.0	7	6.85314	6.013097142857143
99319623	5.39526	CLM	36	99242312	99407431	99319623.0	7	6.85314	6.013097142857143
99333094	6.49403	CLM	36	99242312	99407431	99319623.0	7	6.85314	6.013097142857143
99348656	6.15227	CLM	36	99242312	99407431	99319623.0	7	6.85314	6.013097142857143
99407431	6.02646	CLM	36	99242312	99407431	99319623.0	7	6.85314	6.013097142857143
99668193	6.06456	CLM	37	99668193	99668193	99668193.0	1	6.06456	6.06456
101242108	5.43054	CLM	31	101242108	101244488	101243298.0	2	5.43054	5.43054
101244488	5.43054	CLM	31	101242108	101244488	101243298.0	2	5.43054	5.43054
102643196	5.34847	CLM	32	102643196	102643196	102643196.0	1	5.34847	5.34847
103509204	5.31693	CLM	33	103509204	103509204	103509204.0	1	5.31693	5.31693
105239990	5.29426	CLM	30	105239990	105239990	105239990.0	1	5.29426	5.29426
106111108	5.22105	CLM	29	106111108	106550970	106449540.0	22	5.22105	5.221050000000002
106115004	5.22105	CLM	29	106111108	106550970	106449540.0	22	5.22105	5.221050000000002
106284398	5.22105	CLM	29	106111108	106550970	106449540.0	22	5.22105	5.221050000000002
106286984	5.22105	CLM	29	106111108	106550970	106449540.0	22	5.22105	5.221050000000002
106315384	5.22105	CLM	29	106111108	106550970	106449540.0	22	5.22105	5.221050000000002
106379558	5.22105	CLM	29	106111108	106550970	106449540.0	22	5.22105	5.221050000000002
106419896	5.22105	CLM	29	106111108	106550970	106449540.0	22	5.22105	5.221050000000002
106420656	5.22105	CLM	29	106111108	106550970	106449540.0	22	5.22105	5.221050000000002
106425577	5.22105	CLM	29	106111108	106550970	106449540.0	22	5.22105	5.221050000000002
106429487	5.22105	CLM	29	106111108	106550970	106449540.0	22	5.22105	5.221050000000002
106446786	5.22105	CLM	29	106111108	106550970	106449540.0	22	5.22105	5.221050000000002
106452294	5.22105	CLM	29	106111108	106550970	106449540.0	22	5.22105	5.221050000000002
106453341	5.22105	CLM	29	106111108	106550970	106449540.0	22	5.22105	5.221050000000002
106464109	5.22105	CLM	29	106111108	106550970	106449540.0	22	5.22105	5.221050000000002
106477127	5.22105	CLM	29	106111108	106550970	106449540.0	22	5.22105	5.221050000000002
106478051	5.22105	CLM	29	106111108	106550970	106449540.0	22	5.22105	5.221050000000002
106481919	5.22105	CLM	29	106111108	106550970	106449540.0	22	5.22105	5.221050000000002
106484565	5.22105	CLM	29	106111108	106550970	106449540.0	22	5.22105	5.221050000000002
106497586	5.22105	CLM	29	106111108	106550970	106449540.0	22	5.22105	5.221050000000002
106500971	5.22105	CLM	29	106111108	106550970	106449540.0	22	5.22105	5.221050000000002
106548462	5.22105	CLM	29	106111108	106550970	106449540.0	22	5.22105	5.221050000000002
106550970	5.22105	CLM	29	106111108	106550970	106449540.0	22	5.22105	5.221050000000002
106807554	6.45383	CLM	28	106807554	106915669	106887522.5	6	6.45383	5.730021666666666
106861240	5.58526	CLM	28	106807554	106915669	106887522.5	6	6.45383	5.730021666666666
106871926	5.58526	CLM	28	106807554	106915669	106887522.5	6	6.45383	5.730021666666666
106903119	5.58526	CLM	28	106807554	106915669	106887522.5	6	6.45383	5.730021666666666
106909659	5.58526	CLM	28	106807554	106915669	106887522.5	6	6.45383	5.730021666666666
106915669	5.58526	CLM	28	106807554	106915669	106887522.5	6	6.45383	5.730021666666666
107467990	6.91483	CLM	26	107467990	107498636	107497521.0	4	6.91483	6.6906625
107496630	6.67374	CLM	26	107467990	107498636	107497521.0	4	6.91483	6.6906625
107498412	6.58704	CLM	26	107467990	107498636	107497521.0	4	6.91483	6.6906625
107498636	6.58704	CLM	26	107467990	107498636	107497521.0	4	6.91483	6.6906625
107745527	6.32977	CLM	27	107745527	107847004	107821386.5	10	6.56681	5.903147
107745779	6.32977	CLM	27	107745527	107847004	107821386.5	10	6.56681	5.903147
107753097	5.29426	CLM	27	107745527	107847004	107821386.5	10	6.56681	5.903147
107794565	6.56681	CLM	27	107745527	107847004	107821386.5	10	6.56681	5.903147
107820307	5.75181	CLM	27	107745527	107847004	107821386.5	10	6.56681	5.903147
107822466	5.75181	CLM	27	107745527	107847004	107821386.5	10	6.56681	5.903147
107825663	5.75181	CLM	27	107745527	107847004	107821386.5	10	6.56681	5.903147
107829818	5.75181	CLM	27	107745527	107847004	107821386.5	10	6.56681	5.903147
107838787	5.75181	CLM	27	107745527	107847004	107821386.5	10	6.56681	5.903147
107847004	5.75181	CLM	27	107745527	107847004	107821386.5	10	6.56681	5.903147
109925510	5.22105	CLM	41	109925510	109928212	109926861.0	2	5.22105	5.22105
109928212	5.22105	CLM	41	109925510	109928212	109926861.0	2	5.22105	5.22105
110725159	5.29966	CLM	45	110725159	112164857	111338326.0	81	8.01792	5.875675802469136
110858721	5.79425	CLM	45	110725159	112164857	111338326.0	81	8.01792	5.875675802469136
110914268	5.79425	CLM	45	110725159	112164857	111338326.0	81	8.01792	5.875675802469136
110914944	5.79425	CLM	45	110725159	112164857	111338326.0	81	8.01792	5.875675802469136
110915354	5.79425	CLM	45	110725159	112164857	111338326.0	81	8.01792	5.875675802469136
110919662	5.79425	CLM	45	110725159	112164857	111338326.0	81	8.01792	5.875675802469136
110930177	5.79425	CLM	45	110725159	112164857	111338326.0	81	8.01792	5.875675802469136
110931695	6.91483	CLM	45	110725159	112164857	111338326.0	81	8.01792	5.875675802469136
110933331	6.91483	CLM	45	110725159	112164857	111338326.0	81	8.01792	5.875675802469136
110935546	5.31693	CLM	45	110725159	112164857	111338326.0	81	8.01792	5.875675802469136
110946281	5.31693	CLM	45	110725159	112164857	111338326.0	81	8.01792	5.875675802469136
110946997	6.28786	CLM	45	110725159	112164857	111338326.0	81	8.01792	5.875675802469136
110947834	5.31693	CLM	45	110725159	112164857	111338326.0	81	8.01792	5.875675802469136
110948441	5.31693	CLM	45	110725159	112164857	111338326.0	81	8.01792	5.875675802469136
110956471	6.28786	CLM	45	110725159	112164857	111338326.0	81	8.01792	5.875675802469136
110957701	5.31693	CLM	45	110725159	112164857	111338326.0	81	8.01792	5.875675802469136
110959382	5.31693	CLM	45	110725159	112164857	111338326.0	81	8.01792	5.875675802469136
110960662	5.31693	CLM	45	110725159	112164857	111338326.0	81	8.01792	5.875675802469136
110962667	5.31501	CLM	45	110725159	112164857	111338326.0	81	8.01792	5.875675802469136
110967645	5.31693	CLM	45	110725159	112164857	111338326.0	81	8.01792	5.875675802469136
110970878	5.31693	CLM	45	110725159	112164857	111338326.0	81	8.01792	5.875675802469136
110984754	6.28786	CLM	45	110725159	112164857	111338326.0	81	8.01792	5.875675802469136
110987176	5.31693	CLM	45	110725159	112164857	111338326.0	81	8.01792	5.875675802469136
110988718	5.31693	CLM	45	110725159	112164857	111338326.0	81	8.01792	5.875675802469136
111132047	5.39526	CLM	45	110725159	112164857	111338326.0	81	8.01792	5.875675802469136
111151603	5.58526	CLM	45	110725159	112164857	111338326.0	81	8.01792	5.875675802469136
111167251	5.58526	CLM	45	110725159	112164857	111338326.0	81	8.01792	5.875675802469136
111205707	5.22105	CLM	45	110725159	112164857	111338326.0	81	8.01792	5.875675802469136
111211917	5.22105	CLM	45	110725159	112164857	111338326.0	81	8.01792	5.875675802469136
111233960	5.89045	CLM	45	110725159	112164857	111338326.0	81	8.01792	5.875675802469136
111237680	5.58526	CLM	45	110725159	112164857	111338326.0	81	8.01792	5.875675802469136
111238353	5.58526	CLM	45	110725159	112164857	111338326.0	81	8.01792	5.875675802469136
111239652	5.58526	CLM	45	110725159	112164857	111338326.0	81	8.01792	5.875675802469136
111251613	5.58526	CLM	45	110725159	112164857	111338326.0	81	8.01792	5.875675802469136
111257355	5.89045	CLM	45	110725159	112164857	111338326.0	81	8.01792	5.875675802469136
111268777	5.58526	CLM	45	110725159	112164857	111338326.0	81	8.01792	5.875675802469136
111272453	5.62358	CLM	45	110725159	112164857	111338326.0	81	8.01792	5.875675802469136
111276397	5.58526	CLM	45	110725159	112164857	111338326.0	81	8.01792	5.875675802469136
111282816	6.91483	CLM	45	110725159	112164857	111338326.0	81	8.01792	5.875675802469136
111283907	6.91483	CLM	45	110725159	112164857	111338326.0	81	8.01792	5.875675802469136
111338326	5.72759	CLM	45	110725159	112164857	111338326.0	81	8.01792	5.875675802469136
111368693	7.79816	CLM	45	110725159	112164857	111338326.0	81	8.01792	5.875675802469136
111404711	5.22105	CLM	45	110725159	112164857	111338326.0	81	8.01792	5.875675802469136
111407874	5.22105	CLM	45	110725159	112164857	111338326.0	81	8.01792	5.875675802469136
111412408	5.22105	CLM	45	110725159	112164857	111338326.0	81	8.01792	5.875675802469136
111417923	5.06021	CLM	45	110725159	112164857	111338326.0	81	8.01792	5.875675802469136
111569733	5.89045	CLM	45	110725159	112164857	111338326.0	81	8.01792	5.875675802469136
111707814	6.06456	CLM	45	110725159	112164857	111338326.0	81	8.01792	5.875675802469136
111714049	6.06456	CLM	45	110725159	112164857	111338326.0	81	8.01792	5.875675802469136
111716154	6.06456	CLM	45	110725159	112164857	111338326.0	81	8.01792	5.875675802469136
111721716	6.06456	CLM	45	110725159	112164857	111338326.0	81	8.01792	5.875675802469136
111878308	5.58526	CLM	45	110725159	112164857	111338326.0	81	8.01792	5.875675802469136
111885359	6.91483	CLM	45	110725159	112164857	111338326.0	81	8.01792	5.875675802469136
111917465	5.58526	CLM	45	110725159	112164857	111338326.0	81	8.01792	5.875675802469136
111919471	5.58526	CLM	45	110725159	112164857	111338326.0	81	8.01792	5.875675802469136
111922316	8.01792	CLM	45	110725159	112164857	111338326.0	81	8.01792	5.875675802469136
111924095	5.79425	CLM	45	110725159	112164857	111338326.0	81	8.01792	5.875675802469136
111925601	5.79425	CLM	45	110725159	112164857	111338326.0	81	8.01792	5.875675802469136
111931087	8.01792	CLM	45	110725159	112164857	111338326.0	81	8.01792	5.875675802469136
112002758	7.18176	CLM	45	110725159	112164857	111338326.0	81	8.01792	5.875675802469136
112003523	7.18176	CLM	45	110725159	112164857	111338326.0	81	8.01792	5.875675802469136
112007457	7.18176	CLM	45	110725159	112164857	111338326.0	81	8.01792	5.875675802469136
112014241	7.15507	CLM	45	110725159	112164857	111338326.0	81	8.01792	5.875675802469136
112015882	7.15507	CLM	45	110725159	112164857	111338326.0	81	8.01792	5.875675802469136
112026657	6.49403	CLM	45	110725159	112164857	111338326.0	81	8.01792	5.875675802469136
112046254	6.02653	CLM	45	110725159	112164857	111338326.0	81	8.01792	5.875675802469136
112050406	6.02653	CLM	45	110725159	112164857	111338326.0	81	8.01792	5.875675802469136
112050407	6.02653	CLM	45	110725159	112164857	111338326.0	81	8.01792	5.875675802469136
112050578	6.02653	CLM	45	110725159	112164857	111338326.0	81	8.01792	5.875675802469136
112058719	6.28481	CLM	45	110725159	112164857	111338326.0	81	8.01792	5.875675802469136
112092473	6.6681	CLM	45	110725159	112164857	111338326.0	81	8.01792	5.875675802469136
112115696	5.58526	CLM	45	110725159	112164857	111338326.0	81	8.01792	5.875675802469136
112116696	5.58526	CLM	45	110725159	112164857	111338326.0	81	8.01792	5.875675802469136
112126099	5.39526	CLM	45	110725159	112164857	111338326.0	81	8.01792	5.875675802469136
112157955	5.61621	CLM	45	110725159	112164857	111338326.0	81	8.01792	5.875675802469136
112158098	5.05555	CLM	45	110725159	112164857	111338326.0	81	8.01792	5.875675802469136
112159030	5.05555	CLM	45	110725159	112164857	111338326.0	81	8.01792	5.875675802469136
112160900	5.05555	CLM	45	110725159	112164857	111338326.0	81	8.01792	5.875675802469136
112162177	5.05555	CLM	45	110725159	112164857	111338326.0	81	8.01792	5.875675802469136
112164848	5.05555	CLM	45	110725159	112164857	111338326.0	81	8.01792	5.875675802469136
112164857	5.05555	CLM	45	110725159	112164857	111338326.0	81	8.01792	5.875675802469136
112393090	5.61621	CLM	46	112393090	112393090	112393090.0	1	5.61621	5.61621
112672609	5.165	CLM	44	112672609	112812435	112742522.0	2	5.165	5.145614999999999
112812435	5.12623	CLM	44	112672609	112812435	112742522.0	2	5.165	5.145614999999999
113418220	6.91483	CLM	47	113418220	113509134	113426685.5	10	6.91483	6.778215
113422165	6.91483	CLM	47	113418220	113509134	113426685.5	10	6.91483	6.778215
113423996	6.91483	CLM	47	113418220	113509134	113426685.5	10	6.91483	6.778215
113426036	6.91483	CLM	47	113418220	113509134	113426685.5	10	6.91483	6.778215
113426256	6.91483	CLM	47	113418220	113509134	113426685.5	10	6.91483	6.778215
113427115	6.91483	CLM	47	113418220	113509134	113426685.5	10	6.91483	6.778215
113427454	6.91483	CLM	47	113418220	113509134	113426685.5	10	6.91483	6.778215
113428715	6.91483	CLM	47	113418220	113509134	113426685.5	10	6.91483	6.778215
113432320	6.91483	CLM	47	113418220	113509134	113426685.5	10	6.91483	6.778215
113509134	5.54868	CLM	47	113418220	113509134	113426685.5	10	6.91483	6.778215
113842905	6.58704	CLM	48	113842905	113844520	113843712.5	2	6.58704	6.58704
113844520	6.58704	CLM	48	113842905	113844520	113843712.5	2	6.58704	6.58704
114102638	5.23896	CLM	49	114102638	114102638	114102638.0	1	5.23896	5.23896
114860984	5.5747	CLM	43	114860984	114979463	114957665.5	4	7.18176	6.33337
114955587	7.18176	CLM	43	114860984	114979463	114957665.5	4	7.18176	6.33337
114959744	7.18176	CLM	43	114860984	114979463	114957665.5	4	7.18176	6.33337
114979463	5.39526	CLM	43	114860984	114979463	114957665.5	4	7.18176	6.33337
115210009	5.12623	CLM	42	115210009	115388922	115358749.0	6	7.19721	5.658033333333333
115300135	5.2075	CLM	42	115210009	115388922	115358749.0	6	7.19721	5.658033333333333
115358491	5.15063	CLM	42	115210009	115388922	115358749.0	6	7.19721	5.658033333333333
115359007	7.19721	CLM	42	115210009	115388922	115358749.0	6	7.19721	5.658033333333333
115367136	6.01855	CLM	42	115210009	115388922	115358749.0	6	7.19721	5.658033333333333
115388922	5.24808	CLM	42	115210009	115388922	115358749.0	6	7.19721	5.658033333333333
116399908	5.22105	CLM	40	116399908	116421276	116409884.0	7	8.93388	6.122318571428573
116404838	5.39526	CLM	40	116399908	116421276	116409884.0	7	8.93388	6.122318571428573
116407973	5.50075	CLM	40	116399908	116421276	116409884.0	7	8.93388	6.122318571428573
116409884	6.15227	CLM	40	116399908	116421276	116409884.0	7	8.93388	6.122318571428573
116411561	6.15227	CLM	40	116399908	116421276	116409884.0	7	8.93388	6.122318571428573
116420052	8.93388	CLM	40	116399908	116421276	116409884.0	7	8.93388	6.122318571428573
116421276	5.50075	CLM	40	116399908	116421276	116409884.0	7	8.93388	6.122318571428573
117911078	6.6681	CLM	50	117911078	118163767	118055329.0	26	8.25325	6.1039815384615395
117914268	5.06021	CLM	50	117911078	118163767	118055329.0	26	8.25325	6.1039815384615395
117919536	5.06021	CLM	50	117911078	118163767	118055329.0	26	8.25325	6.1039815384615395
117925449	6.25165	CLM	50	117911078	118163767	118055329.0	26	8.25325	6.1039815384615395
117933720	8.25325	CLM	50	117911078	118163767	118055329.0	26	8.25325	6.1039815384615395
117938615	5.06021	CLM	50	117911078	118163767	118055329.0	26	8.25325	6.1039815384615395
117944670	5.06021	CLM	50	117911078	118163767	118055329.0	26	8.25325	6.1039815384615395
117954093	5.99312	CLM	50	117911078	118163767	118055329.0	26	8.25325	6.1039815384615395
117957478	7.05071	CLM	50	117911078	118163767	118055329.0	26	8.25325	6.1039815384615395
117960368	5.06021	CLM	50	117911078	118163767	118055329.0	26	8.25325	6.1039815384615395
117986318	5.06021	CLM	50	117911078	118163767	118055329.0	26	8.25325	6.1039815384615395
117994885	6.25165	CLM	50	117911078	118163767	118055329.0	26	8.25325	6.1039815384615395
118046904	5.22105	CLM	50	117911078	118163767	118055329.0	26	8.25325	6.1039815384615395
118063754	5.39526	CLM	50	117911078	118163767	118055329.0	26	8.25325	6.1039815384615395
118080025	7.26256	CLM	50	117911078	118163767	118055329.0	26	8.25325	6.1039815384615395
118081453	7.26256	CLM	50	117911078	118163767	118055329.0	26	8.25325	6.1039815384615395
118092985	5.89045	CLM	50	117911078	118163767	118055329.0	26	8.25325	6.1039815384615395
118102100	5.90691	CLM	50	117911078	118163767	118055329.0	26	8.25325	6.1039815384615395
118104197	6.06456	CLM	50	117911078	118163767	118055329.0	26	8.25325	6.1039815384615395
118105426	6.06456	CLM	50	117911078	118163767	118055329.0	26	8.25325	6.1039815384615395
118120112	6.85314	CLM	50	117911078	118163767	118055329.0	26	8.25325	6.1039815384615395
118120546	6.85314	CLM	50	117911078	118163767	118055329.0	26	8.25325	6.1039815384615395
118136504	6.25165	CLM	50	117911078	118163767	118055329.0	26	8.25325	6.1039815384615395
118149971	6.25165	CLM	50	117911078	118163767	118055329.0	26	8.25325	6.1039815384615395
118153229	7.16575	CLM	50	117911078	118163767	118055329.0	26	8.25325	6.1039815384615395
118163767	5.43054	CLM	50	117911078	118163767	118055329.0	26	8.25325	6.1039815384615395
119218223	5.54868	CLM	52	119218223	119311028	119269635.0	7	5.79425	5.631997142857143
119268576	5.61621	CLM	52	119218223	119311028	119269635.0	7	5.79425	5.631997142857143
119268779	5.61621	CLM	52	119218223	119311028	119269635.0	7	5.79425	5.631997142857143
119269635	5.61621	CLM	52	119218223	119311028	119269635.0	7	5.79425	5.631997142857143
119270140	5.61621	CLM	52	119218223	119311028	119269635.0	7	5.79425	5.631997142857143
119299701	5.79425	CLM	52	119218223	119311028	119269635.0	7	5.79425	5.631997142857143
119311028	5.61621	CLM	52	119218223	119311028	119269635.0	7	5.79425	5.631997142857143
119832914	5.22105	CLM	53	119832914	119832914	119832914.0	1	5.22105	5.22105
120523934	5.79425	CLM	51	120523934	120559782	120543829.0	3	5.79425	5.635143333333333
120543829	5.79425	CLM	51	120523934	120559782	120543829.0	3	5.79425	5.635143333333333
120559782	5.31693	CLM	51	120523934	120559782	120543829.0	3	5.79425	5.635143333333333
122380168	5.86588	CLM	59	122380168	122380168	122380168.0	1	5.86588	5.86588
122826878	6.02646	CLM	57	122826878	122828864	122828825.0	4	6.42283	6.323737500000001
122828813	6.42283	CLM	57	122826878	122828864	122828825.0	4	6.42283	6.323737500000001
122828837	6.42283	CLM	57	122826878	122828864	122828825.0	4	6.42283	6.323737500000001
122828864	6.42283	CLM	57	122826878	122828864	122828825.0	4	6.42283	6.323737500000001
123238933	5.31501	CLM	58	123238933	123238933	123238933.0	1	5.31501	5.31501
124504388	5.43054	CLM	60	124504388	124728142	124582922.5	10	6.42283	5.679992
124505080	6.42283	CLM	60	124504388	124728142	124582922.5	10	6.42283	5.679992
124505906	6.42283	CLM	60	124504388	124728142	124582922.5	10	6.42283	5.679992
124506625	6.42283	CLM	60	124504388	124728142	124582922.5	10	6.42283	5.679992
124522616	6.02482	CLM	60	124504388	124728142	124582922.5	10	6.42283	5.679992
124643229	5.06341	CLM	60	124504388	124728142	124582922.5	10	6.42283	5.679992
124666922	5.06341	CLM	60	124504388	124728142	124582922.5	10	6.42283	5.679992
124669060	5.06341	CLM	60	124504388	124728142	124582922.5	10	6.42283	5.679992
124670880	5.61621	CLM	60	124504388	124728142	124582922.5	10	6.42283	5.679992
124728142	5.26963	CLM	60	124504388	124728142	124582922.5	10	6.42283	5.679992
125014044	5.34847	CLM	61	125014044	125026340	125020192.0	2	5.34847	5.298275
125026340	5.24808	CLM	61	125014044	125026340	125020192.0	2	5.34847	5.298275
125227299	5.98243	CLM	62	125227299	125485988	125456856.0	8	6.56681	5.890635
125227507	5.98243	CLM	62	125227299	125485988	125456856.0	8	6.56681	5.890635
125319728	5.45203	CLM	62	125227299	125485988	125456856.0	8	6.56681	5.890635
125447549	5.88595	CLM	62	125227299	125485988	125456856.0	8	6.56681	5.890635
125466163	6.56681	CLM	62	125227299	125485988	125456856.0	8	6.56681	5.890635
125467805	5.75181	CLM	62	125227299	125485988	125456856.0	8	6.56681	5.890635
125484341	5.75181	CLM	62	125227299	125485988	125456856.0	8	6.56681	5.890635
125485988	5.75181	CLM	62	125227299	125485988	125456856.0	8	6.56681	5.890635
126556524	6.02646	CLM	63	126556524	126556524	126556524.0	1	6.02646	6.02646
128322238	5.61621	CLM	54	128322238	128523302	128516110.0	5	6.20944	5.8904060000000005
128494314	5.2075	CLM	54	128322238	128523302	128516110.0	5	6.20944	5.8904060000000005
128516110	6.20944	CLM	54	128322238	128523302	128516110.0	5	6.20944	5.8904060000000005
128517157	6.20944	CLM	54	128322238	128523302	128516110.0	5	6.20944	5.8904060000000005
128523302	6.20944	CLM	54	128322238	128523302	128516110.0	5	6.20944	5.8904060000000005
129548298	6.15227	CLM	56	129548298	129888282	129801068.0	9	7.49101	6.013362222222222
129700888	5.79425	CLM	56	129548298	129888282	129801068.0	9	7.49101	6.013362222222222
129768887	5.49121	CLM	56	129548298	129888282	129801068.0	9	7.49101	6.013362222222222
129773046	5.43054	CLM	56	129548298	129888282	129801068.0	9	7.49101	6.013362222222222
129801068	6.25165	CLM	56	129548298	129888282	129801068.0	9	7.49101	6.013362222222222
129804982	7.49101	CLM	56	129548298	129888282	129801068.0	9	7.49101	6.013362222222222
129844730	5.22105	CLM	56	129548298	129888282	129801068.0	9	7.49101	6.013362222222222
129871059	6.49403	CLM	56	129548298	129888282	129801068.0	9	7.49101	6.013362222222222
129888282	5.79425	CLM	56	129548298	129888282	129801068.0	9	7.49101	6.013362222222222
130634634	5.61621	CLM	55	130634634	130954645	130753535.0	13	6.32977	5.625284615384614
130645012	5.29521	CLM	55	130634634	130954645	130753535.0	13	6.32977	5.625284615384614
130681704	5.31693	CLM	55	130634634	130954645	130753535.0	13	6.32977	5.625284615384614
130700316	5.31693	CLM	55	130634634	130954645	130753535.0	13	6.32977	5.625284615384614
130744151	6.28786	CLM	55	130634634	130954645	130753535.0	13	6.32977	5.625284615384614
130744732	6.28786	CLM	55	130634634	130954645	130753535.0	13	6.32977	5.625284615384614
130753535	5.67923	CLM	55	130634634	130954645	130753535.0	13	6.32977	5.625284615384614
130800261	6.28786	CLM	55	130634634	130954645	130753535.0	13	6.32977	5.625284615384614
130805378	6.32977	CLM	55	130634634	130954645	130753535.0	13	6.32977	5.625284615384614
130808744	5.29521	CLM	55	130634634	130954645	130753535.0	13	6.32977	5.625284615384614
130808918	5.29521	CLM	55	130634634	130954645	130753535.0	13	6.32977	5.625284615384614
130954331	5.06021	CLM	55	130634634	130954645	130753535.0	13	6.32977	5.625284615384614
130954645	5.06021	CLM	55	130634634	130954645	130753535.0	13	6.32977	5.625284615384614
136026004	6.58704	CLM	15	136026004	136065069	136055071.0	5	6.58704	5.977588
136044285	5.06341	CLM	15	136026004	136065069	136055071.0	5	6.58704	5.977588
136055071	5.06341	CLM	15	136026004	136065069	136055071.0	5	6.58704	5.977588
136058049	6.58704	CLM	15	136026004	136065069	136055071.0	5	6.58704	5.977588
136065069	6.58704	CLM	15	136026004	136065069	136055071.0	5	6.58704	5.977588
137117079	5.75181	CLM	16	137117079	137288055	137248595.0	6	5.75181	5.237198333333333
137247510	5.06021	CLM	16	137117079	137288055	137248595.0	6	5.75181	5.237198333333333
137247783	5.06021	CLM	16	137117079	137288055	137248595.0	6	5.75181	5.237198333333333
137249407	5.06021	CLM	16	137117079	137288055	137248595.0	6	5.75181	5.237198333333333
137249787	5.06021	CLM	16	137117079	137288055	137248595.0	6	5.75181	5.237198333333333
137288055	5.43054	CLM	16	137117079	137288055	137248595.0	6	5.75181	5.237198333333333
138497551	5.22105	CLM	18	138497551	138497551	138497551.0	1	5.22105	5.22105
139145130	5.31693	CLM	17	139145130	139148900	139147015.0	2	5.31693	5.18857
139148900	5.06021	CLM	17	139145130	139148900	139147015.0	2	5.31693	5.18857
140263876	6.9374	CLM	23	140263876	140521653	140434241.5	36	8.69266	6.256143888888889
140265928	6.9374	CLM	23	140263876	140521653	140434241.5	36	8.69266	6.256143888888889
140266408	8.69266	CLM	23	140263876	140521653	140434241.5	36	8.69266	6.256143888888889
140272077	8.69266	CLM	23	140263876	140521653	140434241.5	36	8.69266	6.256143888888889
140275944	8.69266	CLM	23	140263876	140521653	140434241.5	36	8.69266	6.256143888888889
140278965	8.69266	CLM	23	140263876	140521653	140434241.5	36	8.69266	6.256143888888889
140285051	6.9374	CLM	23	140263876	140521653	140434241.5	36	8.69266	6.256143888888889
140295182	6.9374	CLM	23	140263876	140521653	140434241.5	36	8.69266	6.256143888888889
140297073	6.9374	CLM	23	140263876	140521653	140434241.5	36	8.69266	6.256143888888889
140302314	6.9374	CLM	23	140263876	140521653	140434241.5	36	8.69266	6.256143888888889
140303549	6.9374	CLM	23	140263876	140521653	140434241.5	36	8.69266	6.256143888888889
140306797	6.9374	CLM	23	140263876	140521653	140434241.5	36	8.69266	6.256143888888889
140423650	5.98243	CLM	23	140263876	140521653	140434241.5	36	8.69266	6.256143888888889
140426799	5.98243	CLM	23	140263876	140521653	140434241.5	36	8.69266	6.256143888888889
140427857	5.98243	CLM	23	140263876	140521653	140434241.5	36	8.69266	6.256143888888889
140428840	5.98243	CLM	23	140263876	140521653	140434241.5	36	8.69266	6.256143888888889
140432437	5.31693	CLM	23	140263876	140521653	140434241.5	36	8.69266	6.256143888888889
140433015	5.31693	CLM	23	140263876	140521653	140434241.5	36	8.69266	6.256143888888889
140435468	5.31693	CLM	23	140263876	140521653	140434241.5	36	8.69266	6.256143888888889
140439930	5.31693	CLM	23	140263876	140521653	140434241.5	36	8.69266	6.256143888888889
140441617	5.31693	CLM	23	140263876	140521653	140434241.5	36	8.69266	6.256143888888889
140445067	5.31693	CLM	23	140263876	140521653	140434241.5	36	8.69266	6.256143888888889
140446368	5.31693	CLM	23	140263876	140521653	140434241.5	36	8.69266	6.256143888888889
140449308	5.31693	CLM	23	140263876	140521653	140434241.5	36	8.69266	6.256143888888889
140450611	5.31693	CLM	23	140263876	140521653	140434241.5	36	8.69266	6.256143888888889
140450695	5.31693	CLM	23	140263876	140521653	140434241.5	36	8.69266	6.256143888888889
140451085	5.31693	CLM	23	140263876	140521653	140434241.5	36	8.69266	6.256143888888889
140460575	6.9374	CLM	23	140263876	140521653	140434241.5	36	8.69266	6.256143888888889
140461083	6.9374	CLM	23	140263876	140521653	140434241.5	36	8.69266	6.256143888888889
140464792	6.9374	CLM	23	140263876	140521653	140434241.5	36	8.69266	6.256143888888889
140467260	5.31693	CLM	23	140263876	140521653	140434241.5	36	8.69266	6.256143888888889
140469476	5.31693	CLM	23	140263876	140521653	140434241.5	36	8.69266	6.256143888888889
140490589	5.31693	CLM	23	140263876	140521653	140434241.5	36	8.69266	6.256143888888889
140490974	5.31693	CLM	23	140263876	140521653	140434241.5	36	8.69266	6.256143888888889
140520920	5.39526	CLM	23	140263876	140521653	140434241.5	36	8.69266	6.256143888888889
140521653	5.06021	CLM	23	140263876	140521653	140434241.5	36	8.69266	6.256143888888889
141306234	5.06341	CLM	24	141306234	141348945	141327589.5	2	5.165	5.114205
141348945	5.165	CLM	24	141306234	141348945	141327589.5	2	5.165	5.114205
141863148	5.98243	CLM	25	141863148	141863148	141863148.0	1	5.98243	5.98243
142802363	5.58526	CLM	22	142802363	142907688	142814656.0	8	6.67374	5.69992625
142804426	5.58526	CLM	22	142802363	142907688	142814656.0	8	6.67374	5.69992625
142806838	5.06341	CLM	22	142802363	142907688	142814656.0	8	6.67374	5.69992625
142810467	6.67374	CLM	22	142802363	142907688	142814656.0	8	6.67374	5.69992625
142818845	5.06341	CLM	22	142802363	142907688	142814656.0	8	6.67374	5.69992625
142819918	5.58526	CLM	22	142802363	142907688	142814656.0	8	6.67374	5.69992625
142820739	5.58526	CLM	22	142802363	142907688	142814656.0	8	6.67374	5.69992625
142907688	6.45781	CLM	22	142802363	142907688	142814656.0	8	6.67374	5.69992625
143217387	5.61621	CLM	21	143217387	143341523	143284190.0	6	6.42283	5.87174
143266861	5.29426	CLM	21	143217387	143341523	143284190.0	6	6.42283	5.87174
143283799	6.17423	CLM	21	143217387	143341523	143284190.0	6	6.42283	5.87174
143284581	6.17423	CLM	21	143217387	143341523	143284190.0	6	6.42283	5.87174
143329064	6.42283	CLM	21	143217387	143341523	143284190.0	6	6.42283	5.87174
143341523	5.54868	CLM	21	143217387	143341523	143284190.0	6	6.42283	5.87174
143857320	5.54868	CLM	19	143857320	144076256	144010323.0	18	8.69266	6.82511
143858427	5.54868	CLM	19	143857320	144076256	144010323.0	18	8.69266	6.82511
143968447	7.15507	CLM	19	143857320	144076256	144010323.0	18	8.69266	6.82511
143972614	7.15507	CLM	19	143857320	144076256	144010323.0	18	8.69266	6.82511
143995428	6.45781	CLM	19	143857320	144076256	144010323.0	18	8.69266	6.82511
143997141	6.45781	CLM	19	143857320	144076256	144010323.0	18	8.69266	6.82511
143999615	6.45781	CLM	19	143857320	144076256	144010323.0	18	8.69266	6.82511
144000863	7.90377	CLM	19	143857320	144076256	144010323.0	18	8.69266	6.82511
144001364	8.64279	CLM	19	143857320	144076256	144010323.0	18	8.69266	6.82511
144019282	5.61621	CLM	19	143857320	144076256	144010323.0	18	8.69266	6.82511
144035994	8.69266	CLM	19	143857320	144076256	144010323.0	18	8.69266	6.82511
144038277	8.69266	CLM	19	143857320	144076256	144010323.0	18	8.69266	6.82511
144043565	5.61621	CLM	19	143857320	144076256	144010323.0	18	8.69266	6.82511
144044881	5.61621	CLM	19	143857320	144076256	144010323.0	18	8.69266	6.82511
144045284	6.9374	CLM	19	143857320	144076256	144010323.0	18	8.69266	6.82511
144047851	5.54868	CLM	19	143857320	144076256	144010323.0	18	8.69266	6.82511
144054361	8.21742	CLM	19	143857320	144076256	144010323.0	18	8.69266	6.82511
144076256	6.58704	CLM	19	143857320	144076256	144010323.0	18	8.69266	6.82511
144378496	5.22105	CLM	20	144378496	144619266	144409280.0	13	6.04359	5.373103846153847
144398025	5.22105	CLM	20	144378496	144619266	144409280.0	13	6.04359	5.373103846153847
144398026	5.22105	CLM	20	144378496	144619266	144409280.0	13	6.04359	5.373103846153847
144400872	5.22105	CLM	20	144378496	144619266	144409280.0	13	6.04359	5.373103846153847
144402999	5.22105	CLM	20	144378496	144619266	144409280.0	13	6.04359	5.373103846153847
144408835	5.22105	CLM	20	144378496	144619266	144409280.0	13	6.04359	5.373103846153847
144409280	5.22105	CLM	20	144378496	144619266	144409280.0	13	6.04359	5.373103846153847
144417984	5.06021	CLM	20	144378496	144619266	144409280.0	13	6.04359	5.373103846153847
144565677	6.04359	CLM	20	144378496	144619266	144409280.0	13	6.04359	5.373103846153847
144566752	6.04359	CLM	20	144378496	144619266	144409280.0	13	6.04359	5.373103846153847
144572533	6.04359	CLM	20	144378496	144619266	144409280.0	13	6.04359	5.373103846153847
144611026	5.05601	CLM	20	144378496	144619266	144409280.0	13	6.04359	5.373103846153847
144619266	5.05601	CLM	20	144378496	144619266	144409280.0	13	6.04359	5.373103846153847
145836796	5.06341	CLM	1	145836796	146400379	146317466.0	14	7.04023	5.9729907142857135
146023446	5.54868	CLM	1	145836796	146400379	146317466.0	14	7.04023	5.9729907142857135
146026488	5.54868	CLM	1	145836796	146400379	146317466.0	14	7.04023	5.9729907142857135
146221182	5.22105	CLM	1	145836796	146400379	146317466.0	14	7.04023	5.9729907142857135
146222536	6.49403	CLM	1	145836796	146400379	146317466.0	14	7.04023	5.9729907142857135
146222605	6.49403	CLM	1	145836796	146400379	146317466.0	14	7.04023	5.9729907142857135
146265343	6.45781	CLM	1	145836796	146400379	146317466.0	14	7.04023	5.9729907142857135
146369589	5.78369	CLM	1	145836796	146400379	146317466.0	14	7.04023	5.9729907142857135
146378245	5.43054	CLM	1	145836796	146400379	146317466.0	14	7.04023	5.9729907142857135
146396579	5.29426	CLM	1	145836796	146400379	146317466.0	14	7.04023	5.9729907142857135
146397678	7.04023	CLM	1	145836796	146400379	146317466.0	14	7.04023	5.9729907142857135
146399108	7.04023	CLM	1	145836796	146400379	146317466.0	14	7.04023	5.9729907142857135
146400177	7.04023	CLM	1	145836796	146400379	146317466.0	14	7.04023	5.9729907142857135
146400379	5.165	CLM	1	145836796	146400379	146317466.0	14	7.04023	5.9729907142857135
147279168	5.06341	CLM	4	147279168	147279168	147279168.0	1	5.06341	5.06341
147622419	6.06456	CLM	3	147622419	147718112	147668787.5	22	8.01792	5.963815909090908
147631456	5.72759	CLM	3	147622419	147718112	147668787.5	22	8.01792	5.963815909090908
147636251	5.72759	CLM	3	147622419	147718112	147668787.5	22	8.01792	5.963815909090908
147637682	5.39526	CLM	3	147622419	147718112	147668787.5	22	8.01792	5.963815909090908
147637979	5.72759	CLM	3	147622419	147718112	147668787.5	22	8.01792	5.963815909090908
147638996	5.72759	CLM	3	147622419	147718112	147668787.5	22	8.01792	5.963815909090908
147643574	5.72759	CLM	3	147622419	147718112	147668787.5	22	8.01792	5.963815909090908
147645185	5.72759	CLM	3	147622419	147718112	147668787.5	22	8.01792	5.963815909090908
147648160	5.72759	CLM	3	147622419	147718112	147668787.5	22	8.01792	5.963815909090908
147648944	8.01792	CLM	3	147622419	147718112	147668787.5	22	8.01792	5.963815909090908
147660198	5.06341	CLM	3	147622419	147718112	147668787.5	22	8.01792	5.963815909090908
147677377	6.02646	CLM	3	147622419	147718112	147668787.5	22	8.01792	5.963815909090908
147678429	6.85314	CLM	3	147622419	147718112	147668787.5	22	8.01792	5.963815909090908
147685904	6.85314	CLM	3	147622419	147718112	147668787.5	22	8.01792	5.963815909090908
147695578	5.61621	CLM	3	147622419	147718112	147668787.5	22	8.01792	5.963815909090908
147695702	5.61621	CLM	3	147622419	147718112	147668787.5	22	8.01792	5.963815909090908
147699766	5.61621	CLM	3	147622419	147718112	147668787.5	22	8.01792	5.963815909090908
147703939	5.61621	CLM	3	147622419	147718112	147668787.5	22	8.01792	5.963815909090908
147704762	5.61621	CLM	3	147622419	147718112	147668787.5	22	8.01792	5.963815909090908
147717423	6.25196	CLM	3	147622419	147718112	147668787.5	22	8.01792	5.963815909090908
147718018	6.25196	CLM	3	147622419	147718112	147668787.5	22	8.01792	5.963815909090908
147718112	6.25196	CLM	3	147622419	147718112	147668787.5	22	8.01792	5.963815909090908
148035959	5.29426	CLM	2	148035959	148036167	148036063.0	2	5.29426	5.29426
148036167	5.29426	CLM	2	148035959	148036167	148036063.0	2	5.29426	5.29426
148730293	5.22105	CLM	5	148730293	148966419	148913706.0	19	7.7389	5.683995263157894
148869669	5.29426	CLM	5	148730293	148966419	148913706.0	19	7.7389	5.683995263157894
148883148	5.29426	CLM	5	148730293	148966419	148913706.0	19	7.7389	5.683995263157894
148897675	5.22105	CLM	5	148730293	148966419	148913706.0	19	7.7389	5.683995263157894
148897873	5.22105	CLM	5	148730293	148966419	148913706.0	19	7.7389	5.683995263157894
148898883	5.22105	CLM	5	148730293	148966419	148913706.0	19	7.7389	5.683995263157894
148903204	5.22105	CLM	5	148730293	148966419	148913706.0	19	7.7389	5.683995263157894
148910816	6.45383	CLM	5	148730293	148966419	148913706.0	19	7.7389	5.683995263157894
148912848	6.45383	CLM	5	148730293	148966419	148913706.0	19	7.7389	5.683995263157894
148913706	6.45383	CLM	5	148730293	148966419	148913706.0	19	7.7389	5.683995263157894
148917920	6.02646	CLM	5	148730293	148966419	148913706.0	19	7.7389	5.683995263157894
148918007	5.22105	CLM	5	148730293	148966419	148913706.0	19	7.7389	5.683995263157894
148927627	5.22105	CLM	5	148730293	148966419	148913706.0	19	7.7389	5.683995263157894
148927849	5.22105	CLM	5	148730293	148966419	148913706.0	19	7.7389	5.683995263157894
148931956	5.22105	CLM	5	148730293	148966419	148913706.0	19	7.7389	5.683995263157894
148935124	7.7389	CLM	5	148730293	148966419	148913706.0	19	7.7389	5.683995263157894
148951931	6.45383	CLM	5	148730293	148966419	148913706.0	19	7.7389	5.683995263157894
148955525	5.22105	CLM	5	148730293	148966419	148913706.0	19	7.7389	5.683995263157894
148966419	5.61621	CLM	5	148730293	148966419	148913706.0	19	7.7389	5.683995263157894
149295812	5.68863	CLM	6	149295812	149295812	149295812.0	1	5.68863	5.68863
149854401	5.06341	CLM	9	149854401	150164697	149998960.0	55	7.36154	6.41221709090909
149856802	5.06341	CLM	9	149854401	150164697	149998960.0	55	7.36154	6.41221709090909
149861127	5.54868	CLM	9	149854401	150164697	149998960.0	55	7.36154	6.41221709090909
149861955	6.67374	CLM	9	149854401	150164697	149998960.0	55	7.36154	6.41221709090909
149861992	5.06341	CLM	9	149854401	150164697	149998960.0	55	7.36154	6.41221709090909
149862148	5.06341	CLM	9	149854401	150164697	149998960.0	55	7.36154	6.41221709090909
149872455	5.06341	CLM	9	149854401	150164697	149998960.0	55	7.36154	6.41221709090909
149877219	5.06341	CLM	9	149854401	150164697	149998960.0	55	7.36154	6.41221709090909
149879932	5.79425	CLM	9	149854401	150164697	149998960.0	55	7.36154	6.41221709090909
149888593	5.06341	CLM	9	149854401	150164697	149998960.0	55	7.36154	6.41221709090909
149895261	5.79425	CLM	9	149854401	150164697	149998960.0	55	7.36154	6.41221709090909
149895351	5.79425	CLM	9	149854401	150164697	149998960.0	55	7.36154	6.41221709090909
149913932	5.06341	CLM	9	149854401	150164697	149998960.0	55	7.36154	6.41221709090909
149938710	5.61621	CLM	9	149854401	150164697	149998960.0	55	7.36154	6.41221709090909
149943700	5.61621	CLM	9	149854401	150164697	149998960.0	55	7.36154	6.41221709090909
149945613	6.28786	CLM	9	149854401	150164697	149998960.0	55	7.36154	6.41221709090909
149954723	6.28786	CLM	9	149854401	150164697	149998960.0	55	7.36154	6.41221709090909
149955760	5.61621	CLM	9	149854401	150164697	149998960.0	55	7.36154	6.41221709090909
149956429	5.61621	CLM	9	149854401	150164697	149998960.0	55	7.36154	6.41221709090909
149959404	5.61621	CLM	9	149854401	150164697	149998960.0	55	7.36154	6.41221709090909
149961587	5.61621	CLM	9	149854401	150164697	149998960.0	55	7.36154	6.41221709090909
149966336	6.28786	CLM	9	149854401	150164697	149998960.0	55	7.36154	6.41221709090909
149974723	5.61621	CLM	9	149854401	150164697	149998960.0	55	7.36154	6.41221709090909
149988174	7.18176	CLM	9	149854401	150164697	149998960.0	55	7.36154	6.41221709090909
149992607	7.18176	CLM	9	149854401	150164697	149998960.0	55	7.36154	6.41221709090909
149995211	7.18176	CLM	9	149854401	150164697	149998960.0	55	7.36154	6.41221709090909
149997885	7.18176	CLM	9	149854401	150164697	149998960.0	55	7.36154	6.41221709090909
149998960	7.18176	CLM	9	149854401	150164697	149998960.0	55	7.36154	6.41221709090909
150010274	5.06341	CLM	9	149854401	150164697	149998960.0	55	7.36154	6.41221709090909
150014053	7.18176	CLM	9	149854401	150164697	149998960.0	55	7.36154	6.41221709090909
150014176	5.06341	CLM	9	149854401	150164697	149998960.0	55	7.36154	6.41221709090909
150044623	7.18176	CLM	9	149854401	150164697	149998960.0	55	7.36154	6.41221709090909
150044722	6.58704	CLM	9	149854401	150164697	149998960.0	55	7.36154	6.41221709090909
150044988	6.58704	CLM	9	149854401	150164697	149998960.0	55	7.36154	6.41221709090909
150048413	6.58704	CLM	9	149854401	150164697	149998960.0	55	7.36154	6.41221709090909
150055842	7.18176	CLM	9	149854401	150164697	149998960.0	55	7.36154	6.41221709090909
150057149	7.18176	CLM	9	149854401	150164697	149998960.0	55	7.36154	6.41221709090909
150081721	6.45781	CLM	9	149854401	150164697	149998960.0	55	7.36154	6.41221709090909
150082846	7.36154	CLM	9	149854401	150164697	149998960.0	55	7.36154	6.41221709090909
150088365	7.36154	CLM	9	149854401	150164697	149998960.0	55	7.36154	6.41221709090909
150089533	7.36154	CLM	9	149854401	150164697	149998960.0	55	7.36154	6.41221709090909
150090122	7.36154	CLM	9	149854401	150164697	149998960.0	55	7.36154	6.41221709090909
150097155	7.36154	CLM	9	149854401	150164697	149998960.0	55	7.36154	6.41221709090909
150097603	7.36154	CLM	9	149854401	150164697	149998960.0	55	7.36154	6.41221709090909
150102019	7.36154	CLM	9	149854401	150164697	149998960.0	55	7.36154	6.41221709090909
150108475	7.36154	CLM	9	149854401	150164697	149998960.0	55	7.36154	6.41221709090909
150110373	7.36154	CLM	9	149854401	150164697	149998960.0	55	7.36154	6.41221709090909
150115305	7.36154	CLM	9	149854401	150164697	149998960.0	55	7.36154	6.41221709090909
150120837	7.36154	CLM	9	149854401	150164697	149998960.0	55	7.36154	6.41221709090909
150130442	7.36154	CLM	9	149854401	150164697	149998960.0	55	7.36154	6.41221709090909
150140632	7.36154	CLM	9	149854401	150164697	149998960.0	55	7.36154	6.41221709090909
150145493	7.36154	CLM	9	149854401	150164697	149998960.0	55	7.36154	6.41221709090909
150146895	7.36154	CLM	9	149854401	150164697	149998960.0	55	7.36154	6.41221709090909
150147442	7.36154	CLM	9	149854401	150164697	149998960.0	55	7.36154	6.41221709090909
150164697	5.61621	CLM	9	149854401	150164697	149998960.0	55	7.36154	6.41221709090909
150366298	7.90377	CLM	10	150366298	150366298	150366298.0	1	7.90377	7.90377
150800044	6.67937	CLM	8	150800044	150911892	150855968.0	2	6.67937	6.2619
150911892	5.84443	CLM	8	150800044	150911892	150855968.0	2	6.67937	6.2619
151465411	5.05575	CLM	7	151465411	151821940	151594659.0	16	6.28481	5.59868875
151505302	5.54868	CLM	7	151465411	151821940	151594659.0	16	6.28481	5.59868875
151506478	5.54868	CLM	7	151465411	151821940	151594659.0	16	6.28481	5.59868875
151516858	5.11759	CLM	7	151465411	151821940	151594659.0	16	6.28481	5.59868875
151530827	5.99312	CLM	7	151465411	151821940	151594659.0	16	6.28481	5.59868875
151532557	5.99312	CLM	7	151465411	151821940	151594659.0	16	6.28481	5.59868875
151546714	5.29966	CLM	7	151465411	151821940	151594659.0	16	6.28481	5.59868875
151591077	5.45203	CLM	7	151465411	151821940	151594659.0	16	6.28481	5.59868875
151598241	5.45203	CLM	7	151465411	151821940	151594659.0	16	6.28481	5.59868875
151603076	5.45203	CLM	7	151465411	151821940	151594659.0	16	6.28481	5.59868875
151605175	5.45203	CLM	7	151465411	151821940	151594659.0	16	6.28481	5.59868875
151738768	6.28481	CLM	7	151465411	151821940	151594659.0	16	6.28481	5.59868875
151739261	6.28481	CLM	7	151465411	151821940	151594659.0	16	6.28481	5.59868875
151740124	6.28481	CLM	7	151465411	151821940	151594659.0	16	6.28481	5.59868875
151742806	5.29966	CLM	7	151465411	151821940	151594659.0	16	6.28481	5.59868875
151821940	5.06021	CLM	7	151465411	151821940	151594659.0	16	6.28481	5.59868875
152636982	5.79425	CLM	11	152636982	152641081	152639031.5	2	5.79425	5.57136
152641081	5.34847	CLM	11	152636982	152641081	152639031.5	2	5.79425	5.57136
153455385	5.61621	CLM	13	153455385	153456383	153455740.0	3	5.61621	5.61621
153455740	5.61621	CLM	13	153455385	153456383	153455740.0	3	5.61621	5.61621
153456383	5.61621	CLM	13	153455385	153456383	153455740.0	3	5.61621	5.61621
153685234	6.45781	CLM	14	153685234	153685234	153685234.0	1	6.45781	6.45781
154314067	5.79425	CLM	12	154314067	154438830	154341245.0	6	5.79425	5.45335
154323769	5.61621	CLM	12	154314067	154438830	154341245.0	6	5.79425	5.45335
154334108	5.06341	CLM	12	154314067	154438830	154341245.0	6	5.79425	5.45335
154348382	5.61621	CLM	12	154314067	154438830	154341245.0	6	5.79425	5.45335
154438187	5.31501	CLM	12	154314067	154438830	154341245.0	6	5.79425	5.45335
154438830	5.31501	CLM	12	154314067	154438830	154341245.0	6	5.79425	5.45335
