Population,Chromosome,Position,log10_p_50pct,log10_p_lifetime,minus_log10_p
ACB,chrX,329801,-2.14594,-6.28684,6.28684
ACB,chrX,329834,-2.14594,-6.28684,6.28684
ACB,chrX,330624,-2.91293,-6.98665,6.98665
ACB,chrX,661436,-1.01467,-6.98665,6.98665
ACB,chrX,683127,-1.11778,-6.97078,6.97078
ACB,chrX,735714,-1.40559,-7.21836,7.21836
ACB,chrX,795412,-1.55146,-7.19203,7.19203
ACB,chrX,796750,-1.58797,-6.10774,6.10774
ACB,chrX,796753,-1.58797,-6.10774,6.10774
ACB,chrX,808623,-4.06251,-6.56337,6.56337
ACB,chrX,808692,-2.46682,-8.42291,8.42291
ACB,chrX,883811,-1.42955,-7.79447,7.79447
ACB,chrX,885378,-1.44293,-6.31901,6.31901
ACB,chrX,889651,-1.04983,-6.68451,6.68451
ACB,chrX,890391,-1.04983,-6.68451,6.68451
ACB,chrX,890459,-1.04983,-6.68451,6.68451
ACB,chrX,891904,-2.55676,-6.68451,6.68451
ACB,chrX,895075,-2.55676,-8.67564,8.67564
ACB,chrX,896561,-2.55676,-8.67564,8.67564
ACB,chrX,945709,-1.8428,-7.60775,7.60775
ACB,chrX,947451,-1.84878,-8.19044,8.19044
ACB,chrX,947460,-1.84878,-8.19044,8.19044
ACB,chrX,947469,-1.84878,-8.19044,8.19044
ACB,chrX,947470,-1.84878,-8.19044,8.19044
ACB,chrX,950543,-1.95727,-6.89539,6.89539
ACB,chrX,950555,-1.95727,-6.89539,6.89539
ACB,chrX,951063,-1.95727,-6.89539,6.89539
ACB,chrX,951256,-1.95727,-6.89539,6.89539
ACB,chrX,969209,-0.222329,-6.03957,6.03957
ACB,chrX,991691,-1.46221,-6.03379,6.03379
ACB,chrX,993855,-1.87469,-10.2523,10.2523
ACB,chrX,1062215,-1.51972,-6.37677,6.37677
ACB,chrX,1063796,-2.70954,-9.0606,9.0606
ACB,chrX,1074475,-1.70569,-6.11523,6.11523
ACB,chrX,1098714,-1.6018,-6.39943,6.39943
ACB,chrX,1098785,-1.86536,-8.28536,8.28536
ACB,chrX,1212252,-2.20877,-6.71921,6.71921
ACB,chrX,1212289,-2.20877,-6.71921,6.71921
ACB,chrX,1246344,-2.87135,-7.93118,7.93118
ACB,chrX,1246851,-2.87135,-7.93118,7.93118
ACB,chrX,1251172,-4.62663,-6.44139,6.44139
ACB,chrX,1254157,-2.36883,-7.66716,7.66716
ACB,chrX,1299043,-2.47687,-6.13848,6.13848
ACB,chrX,1380985,-1.72954,-7.43632,7.43632
ACB,chrX,1381505,-1.81588,-7.19562,7.19562
ACB,chrX,1383328,-1.76594,-6.03957,6.03957
ACB,chrX,1384144,-1.76594,-6.03957,6.03957
ACB,chrX,1411420,-0.749979,-6.40841,6.40841
ACB,chrX,1411565,-0.544854,-7.23043,7.23043
ACB,chrX,1442906,-1.91503,-6.54846,6.54846
ACB,chrX,1443049,-1.91503,-6.54846,6.54846
ACB,chrX,1444507,-1.01173,-8.18035,8.18035
ACB,chrX,1445633,-1.74404,-8.0104,8.0104
ACB,chrX,1488257,-1.778,-6.19088,6.19088
ACB,chrX,1561542,-3.3195,-6.53842,6.53842
ACB,chrX,1564696,-0.992572,-6.3066,6.3066
ACB,chrX,1565178,-2.67097,-7.13442,7.13442
ACB,chrX,1565481,-2.34123,-7.10236,7.10236
ACB,chrX,1590894,-1.70711,-6.70487,6.70487
ACB,chrX,1623054,-1.44645,-8.00615,8.00615
ACB,chrX,1623744,-1.16064,-7.88439,7.88439
ACB,chrX,1643996,-2.162,-6.28921,6.28921
ACB,chrX,155974071,-1.29449,-6.01245,6.01245
ACB,chrX,155989178,-1.18161,-6.4889,6.4889
ASW,chrX,563540,-1.74623,-6.2083,6.2083
ASW,chrX,563869,-2.12292,-6.20818,6.20818
ASW,chrX,563870,-2.12292,-6.20818,6.20818
ASW,chrX,571732,-1.3275,-6.1453,6.1453
ASW,chrX,575730,-2.56993,-7.28476,7.28476
ASW,chrX,578927,-2.11497,-6.66562,6.66562
ASW,chrX,660435,-4.42638,-7.61773,7.61773
ASW,chrX,660736,-2.36015,-8.09814,8.09814
ASW,chrX,660743,-2.36015,-8.09814,8.09814
ASW,chrX,661008,-2.92174,-7.54815,7.54815
ASW,chrX,661436,-2.61414,-7.64468,7.64468
ASW,chrX,703748,-0.982004,-6.84782,6.84782
ASW,chrX,704859,-1.54101,-7.64468,7.64468
ASW,chrX,704940,-1.0206,-6.29498,6.29498
ASW,chrX,822011,-1.0794,-6.23045,6.23045
ASW,chrX,824136,-3.07863,-6.84782,6.84782
ASW,chrX,824225,-3.07863,-6.84782,6.84782
ASW,chrX,829000,-1.76198,-7.1738,7.1738
ASW,chrX,969209,-1.6488,-7.02824,7.02824
ASW,chrX,969261,-1.61982,-6.10272,6.10272
ASW,chrX,981882,-1.83368,-7.60671,7.60671
ASW,chrX,981998,-1.83968,-7.17398,7.17398
ASW,chrX,989254,-1.39786,-6.60531,6.60531
ASW,chrX,1002155,-1.34838,-6.76582,6.76582
ASW,chrX,1156404,-3.76155,-6.47744,6.47744
ASW,chrX,1159125,-1.00789,-6.00156,6.00156
ASW,chrX,1201052,-2.13039,-6.57658,6.57658
ASW,chrX,1201063,-2.13039,-6.57658,6.57658
ASW,chrX,1201096,-2.13039,-6.57658,6.57658
ASW,chrX,1201150,-2.13039,-6.57658,6.57658
ASW,chrX,1201217,-2.13039,-6.57658,6.57658
ASW,chrX,1201242,-2.13039,-6.57658,6.57658
ASW,chrX,1201317,-2.13039,-6.57658,6.57658
ASW,chrX,1201384,-2.13039,-6.57658,6.57658
ASW,chrX,1240771,-1.77726,-6.66562,6.66562
ASW,chrX,1246344,-4.29533,-6.28579,6.28579
ASW,chrX,1246851,-4.54237,-6.10255,6.10255
ASW,chrX,1252255,-2.00117,-6.19495,6.19495
ASW,chrX,1254157,-2.88584,-7.1405,7.1405
ASW,chrX,1357679,-3.03464,-6.36218,6.36218
ASW,chrX,1387425,-0.520592,-6.82684,6.82684
ASW,chrX,1561104,-2.85668,-6.75816,6.75816
ASW,chrX,1590887,-1.91731,-6.87326,6.87326
ASW,chrX,1590894,-0.785467,-6.00044,6.00044
ASW,chrX,2475079,-2.03045,-6.81193,6.81193
ASW,chrX,2475100,-2.03045,-6.81193,6.81193
ASW,chrX,2475115,-2.03045,-6.81193,6.81193
ASW,chrX,2475121,-2.03045,-6.81193,6.81193
ASW,chrX,2475123,-2.03045,-6.81193,6.81193
ASW,chrX,2475175,-2.03045,-6.81193,6.81193
ASW,chrX,2475176,-2.03045,-6.81193,6.81193
ASW,chrX,2475198,-2.03045,-6.81193,6.81193
BEB,chrX,413532,-1.79397,-6.53475,6.53475
BEB,chrX,471224,-0.517759,-6.77864,6.77864
BEB,chrX,517118,-1.96629,-6.63094,6.63094
BEB,chrX,517133,-1.96629,-6.63094,6.63094
BEB,chrX,565216,-2.11404,-6.2049,6.2049
BEB,chrX,575730,-1.18684,-6.2049,6.2049
BEB,chrX,660435,-1.24806,-8.0594,8.0594
BEB,chrX,665423,-2.32315,-7.88495,7.88495
BEB,chrX,705084,-0.818487,-6.05849,6.05849
BEB,chrX,730174,-1.07404,-8.03347,8.03347
BEB,chrX,730278,-1.07404,-8.03347,8.03347
BEB,chrX,731568,-1.07404,-8.03347,8.03347
BEB,chrX,732408,-0.464368,-6.75882,6.75882
BEB,chrX,733215,-2.47654,-9.25079,9.25079
BEB,chrX,734423,-1.4726,-6.18599,6.18599
BEB,chrX,853459,-1.73214,-7.7898,7.7898
BEB,chrX,915966,-1.33338,-6.43699,6.43699
BEB,chrX,917194,-2.05402,-6.51878,6.51878
BEB,chrX,947451,-0.879624,-6.48657,6.48657
BEB,chrX,947460,-0.879624,-6.48657,6.48657
BEB,chrX,947469,-0.879624,-6.48657,6.48657
BEB,chrX,947470,-0.879624,-6.48657,6.48657
BEB,chrX,993855,-2.79965,-7.22499,7.22499
BEB,chrX,1096088,-2.0532,-9.54761,9.54761
BEB,chrX,1096291,-2.15609,-8.11504,8.11504
BEB,chrX,1096900,-1.32812,-7.86059,7.86059
BEB,chrX,1098714,-1.32437,-9.68033,9.68033
BEB,chrX,1098785,-1.22123,-9.04444,9.04444
BEB,chrX,1100147,-2.17677,-9.94751,9.94751
BEB,chrX,1100375,-1.19436,-8.39446,8.39446
BEB,chrX,1103446,-0.69319,-7.48836,7.48836
BEB,chrX,1147523,-1.5814,-7.03325,7.03325
BEB,chrX,1252255,-3.60371,-6.56367,6.56367
BEB,chrX,1254157,-4.27516,-9.28236,9.28236
BEB,chrX,1254903,-4.27516,-9.28236,9.28236
BEB,chrX,1255835,-4.27516,-9.28236,9.28236
BEB,chrX,1263241,-2.22952,-7.37218,7.37218
BEB,chrX,1263242,-2.22952,-7.37218,7.37218
BEB,chrX,1270685,-0.98404,-6.64093,6.64093
BEB,chrX,1315856,-2.87679,-11.4801,11.4801
BEB,chrX,1316392,-1.99981,-8.30479,8.30479
BEB,chrX,1316609,-0.918772,-7.12954,7.12954
BEB,chrX,1316694,-0.918772,-7.12954,7.12954
BEB,chrX,1352245,-2.12603,-7.45929,7.45929
BEB,chrX,1352649,-2.12603,-7.45929,7.45929
BEB,chrX,1352724,-2.12603,-7.45929,7.45929
BEB,chrX,1352731,-2.12603,-7.45929,7.45929
BEB,chrX,1354354,-1.88654,-10.9781,10.9781
BEB,chrX,1354393,-1.88654,-10.9781,10.9781
BEB,chrX,1354508,-1.88654,-10.9781,10.9781
BEB,chrX,1356428,-4.79112,-7.00333,7.00333
BEB,chrX,1380877,-1.75246,-6.2367,6.2367
BEB,chrX,1380942,-1.75246,-6.2367,6.2367
BEB,chrX,1380985,-1.75246,-6.2367,6.2367
BEB,chrX,1475713,-3.091,-6.54995,6.54995
BEB,chrX,1476631,-3.28592,-7.39745,7.39745
BEB,chrX,1586882,-1.68145,-6.76976,6.76976
BEB,chrX,1590887,-2.29574,-7.30771,7.30771
BEB,chrX,1590894,-2.06716,-8.69076,8.69076
BEB,chrX,1591176,-1.81488,-9.89387,9.89387
BEB,chrX,1592272,-1.05921,-6.31337,6.31337
BEB,chrX,1594128,-1.56744,-9.02967,9.02967
BEB,chrX,1594275,-1.50405,-9.45916,9.45916
BEB,chrX,1595720,-0.620206,-10.5485,10.5485
BEB,chrX,1597507,-0.746106,-7.89168,7.89168
BEB,chrX,1599467,-0.91082,-8.08493,8.08493
BEB,chrX,1609502,-0.754141,-7.56098,7.56098
BEB,chrX,1611444,-1.30938,-6.43452,6.43452
BEB,chrX,1623744,-2.06131,-9.08471,9.08471
BEB,chrX,1627936,-1.819,-7.11975,7.11975
BEB,chrX,1627957,-2.56494,-8.2195,8.2195
BEB,chrX,1643665,-0.640215,-6.64093,6.64093
BEB,chrX,1646081,-0.659863,-7.51265,7.51265
BEB,chrX,1646312,-1.14838,-7.14078,7.14078
BEB,chrX,1646442,-1.14838,-7.14078,7.14078
BEB,chrX,1646510,-1.14838,-7.14078,7.14078
BEB,chrX,1646549,-1.1561,-6.149,6.149
BEB,chrX,1647683,-1.31212,-6.41516,6.41516
BEB,chrX,1650376,-0.960947,-7.32724,7.32724
BEB,chrX,1653980,-2.30685,-7.87017,7.87017
BEB,chrX,155782977,-1.81969,-6.17231,6.17231
BEB,chrX,155899668,-1.52583,-6.76976,6.76976
BEB,chrX,156000962,-1.67326,-6.41724,6.41724
CDX,chrX,289428,-2.94419,-7.43357,7.43357
CDX,chrX,661436,-1.2768,-7.36628,7.36628
CDX,chrX,720993,-2.91704,-7.08921,7.08921
CDX,chrX,732408,-0.266547,-6.07323,6.07323
CDX,chrX,733215,-0.440782,-6.04311,6.04311
CDX,chrX,734347,-1.68207,-9.08009,9.08009
CDX,chrX,734423,-0.902178,-6.76731,6.76731
CDX,chrX,734885,-0.902178,-6.76731,6.76731
CDX,chrX,896774,-1.37619,-6.63485,6.63485
CDX,chrX,897491,-1.10201,-6.09022,6.09022
CDX,chrX,897556,-1.10201,-6.09022,6.09022
CDX,chrX,897625,-1.37619,-6.63485,6.63485
CDX,chrX,914918,-0.5679,-6.07436,6.07436
CDX,chrX,915352,-0.5679,-6.07436,6.07436
CDX,chrX,915622,-0.5679,-6.07436,6.07436
CDX,chrX,915966,-3.13722,-7.60169,7.60169
CDX,chrX,916135,-3.16466,-7.72879,7.72879
CDX,chrX,916789,-3.2315,-7.02,7.02
CDX,chrX,917194,-1.77702,-6.76731,6.76731
CDX,chrX,920250,-2.40416,-6.50624,6.50624
CDX,chrX,920377,-3.11404,-9.85163,9.85163
CDX,chrX,947451,-3.32787,-9.31517,9.31517
CDX,chrX,947460,-3.32787,-9.31517,9.31517
CDX,chrX,947469,-3.32787,-9.31517,9.31517
CDX,chrX,947470,-3.32787,-9.31517,9.31517
CDX,chrX,948052,-3.83804,-8.33692,8.33692
CDX,chrX,948534,-3.83804,-8.33692,8.33692
CDX,chrX,969209,-3.2775,-7.25811,7.25811
CDX,chrX,969261,-3.18745,-8.06663,8.06663
CDX,chrX,969623,-3.18745,-8.06663,8.06663
CDX,chrX,975067,-3.49236,-10.6771,10.6771
CDX,chrX,979981,-3.57057,-7.56521,7.56521
CDX,chrX,1098714,-1.26468,-6.64529,6.64529
CDX,chrX,1098785,-0.38004,-6.35401,6.35401
CDX,chrX,1195067,-1.41969,-7.66401,7.66401
CDX,chrX,1195409,-1.41969,-7.66401,7.66401
CDX,chrX,1201658,-1.55081,-7.5646,7.5646
CDX,chrX,1202209,-1.55081,-7.5646,7.5646
CDX,chrX,1241747,-0.733606,-6.30389,6.30389
CDX,chrX,1249129,-2.81569,-6.51148,6.51148
CDX,chrX,1249175,-2.81569,-6.51148,6.51148
CDX,chrX,1268954,-1.71112,-7.23172,7.23172
CDX,chrX,1270478,-1.59391,-6.85448,6.85448
CDX,chrX,1270579,-1.59391,-6.85448,6.85448
CDX,chrX,1270685,-1.59391,-6.85448,6.85448
CDX,chrX,1274906,-2.0416,-7.13667,7.13667
CDX,chrX,1315856,-1.1947,-6.87882,6.87882
CDX,chrX,1316392,-1.1947,-6.87882,6.87882
CDX,chrX,1349626,-2.43221,-7.46164,7.46164
CDX,chrX,1599467,-3.25836,-6.25227,6.25227
CDX,chrX,1623054,-1.85451,-7.65719,7.65719
CDX,chrX,1623744,-2.71863,-6.22955,6.22955
CDX,chrX,1627957,-1.92217,-6.62517,6.62517
CDX,chrX,1647453,-1.41581,-7.21089,7.21089
CDX,chrX,1653980,-1.90172,-6.06361,6.06361
CDX,chrX,1657989,-1.90172,-6.06361,6.06361
CDX,chrX,1658065,-1.90172,-6.06361,6.06361
CDX,chrX,1658113,-1.90172,-6.06361,6.06361
CDX,chrX,155784694,-2.02801,-6.23536,6.23536
CDX,chrX,155998966,-2.10848,-7.17773,7.17773
CDX,chrX,155999338,-1.69292,-6.42827,6.42827
CDX,chrX,155999435,-2.64408,-7.93559,7.93559
CDX,chrX,155999524,-1.69292,-6.42827,6.42827
CDX,chrX,155999818,-1.69292,-6.42827,6.42827
CDX,chrX,156000962,-2.24567,-6.36196,6.36196
CDX,chrX,156003173,-2.24567,-6.36196,6.36196
CHB,chrX,288633,-3.85413,-6.70367,6.70367
CHB,chrX,289428,-2.03263,-7.97602,7.97602
CHB,chrX,291767,-2.62485,-13.1813,13.1813
CHB,chrX,631191,-0.739497,-6.06456,6.06456
CHB,chrX,660722,-1.08829,-7.73888,7.73888
CHB,chrX,660736,-2.07434,-7.7554,7.7554
CHB,chrX,660743,-2.07434,-7.7554,7.7554
CHB,chrX,720993,-2.29475,-6.77925,6.77925
CHB,chrX,721352,-1.2409,-6.44883,6.44883
CHB,chrX,721381,-2.70131,-6.29569,6.29569
CHB,chrX,730174,-1.64566,-10.4532,10.4532
CHB,chrX,730278,-1.64566,-10.4532,10.4532
CHB,chrX,731568,-3.03358,-7.035,7.035
CHB,chrX,732408,-2.80191,-6.05997,6.05997
CHB,chrX,733215,-2.80191,-6.05997,6.05997
CHB,chrX,733632,-3.83992,-8.63253,8.63253
CHB,chrX,734347,-4.29407,-8.89204,8.89204
CHB,chrX,734423,-3.63509,-7.63414,7.63414
CHB,chrX,756969,-2.64612,-7.75028,7.75028
CHB,chrX,757072,-2.64612,-7.75028,7.75028
CHB,chrX,757074,-2.64612,-7.75028,7.75028
CHB,chrX,757078,-2.64612,-7.75028,7.75028
CHB,chrX,758054,-2.64612,-7.75028,7.75028
CHB,chrX,861504,-2.8972,-6.67374,6.67374
CHB,chrX,861671,-2.8972,-6.67374,6.67374
CHB,chrX,886586,-1.03087,-6.80572,6.80572
CHB,chrX,887301,-3.06222,-6.43773,6.43773
CHB,chrX,889597,-1.79691,-6.02653,6.02653
CHB,chrX,897625,-1.50962,-6.47295,6.47295
CHB,chrX,916135,-2.20177,-6.92385,6.92385
CHB,chrX,916789,-2.36895,-7.47933,7.47933
CHB,chrX,917194,-3.06256,-8.18994,8.18994
CHB,chrX,928010,-2.47056,-6.81027,6.81027
CHB,chrX,928361,-2.47056,-6.81027,6.81027
CHB,chrX,928419,-2.47056,-6.81027,6.81027
CHB,chrX,947451,-4.74994,-6.93526,6.93526
CHB,chrX,947460,-4.74994,-6.93526,6.93526
CHB,chrX,947469,-4.74994,-6.93526,6.93526
CHB,chrX,947470,-4.74994,-6.93526,6.93526
CHB,chrX,948534,-3.21812,-7.97605,7.97605
CHB,chrX,951224,-3.57095,-8.27147,8.27147
CHB,chrX,969209,-2.04751,-7.14993,7.14993
CHB,chrX,969261,-2.04751,-7.14993,7.14993
CHB,chrX,970067,-0.720801,-6.10378,6.10378
CHB,chrX,970358,-0.720801,-6.10378,6.10378
CHB,chrX,975067,-2.3635,-7.09345,7.09345
CHB,chrX,980568,-2.33595,-6.71783,6.71783
CHB,chrX,981487,-2.33595,-6.71783,6.71783
CHB,chrX,997510,-2.72677,-6.56105,6.56105
CHB,chrX,998394,-2.72677,-6.56105,6.56105
CHB,chrX,998404,-2.72677,-6.56105,6.56105
CHB,chrX,1182991,-1.47346,-6.45781,6.45781
CHB,chrX,1202027,-0.356747,-7.25274,7.25274
CHB,chrX,1382782,-4.06991,-6.9649,6.9649
CHB,chrX,1383328,-4.13529,-6.44484,6.44484
CHB,chrX,1383689,-4.13529,-6.44484,6.44484
CHB,chrX,1384144,-4.13529,-6.44484,6.44484
CHB,chrX,1387220,-4.13529,-6.44484,6.44484
CHB,chrX,1586882,-9.02145,-8.24252,8.24252
CHB,chrX,1590887,-1.52894,-7.02262,7.02262
CHB,chrX,1590894,-2.4558,-6.0894,6.0894
CHB,chrX,1591176,-2.4558,-6.0894,6.0894
CHB,chrX,1592272,-2.4558,-6.0894,6.0894
CHB,chrX,1598378,-3.68797,-7.73888,7.73888
CHB,chrX,1599467,-0.755386,-7.36331,7.36331
CHB,chrX,1601928,-1.48281,-7.32724,7.32724
CHB,chrX,1623054,-2.78699,-7.53531,7.53531
CHB,chrX,1629381,-2.89377,-7.6797,7.6797
CHB,chrX,2518206,-1.16777,-6.35618,6.35618
CHB,chrX,155788207,-2.78485,-6.60822,6.60822
CHB,chrX,155789268,-2.94527,-7.22308,7.22308
CHS,chrX,288633,-2.12328,-6.10271,6.10271
CHS,chrX,289428,-1.46394,-6.67951,6.67951
CHS,chrX,535805,-1.75987,-8.2749,8.2749
CHS,chrX,536157,-0.946905,-6.92107,6.92107
CHS,chrX,537235,-0.993476,-6.48658,6.48658
CHS,chrX,561568,-6.6723,-7.50916,7.50916
CHS,chrX,661613,-3.22103,-6.25032,6.25032
CHS,chrX,703748,-0.351026,-6.13,6.13
CHS,chrX,704463,-0.351026,-6.13,6.13
CHS,chrX,704589,-0.34637,-7.13698,7.13698
CHS,chrX,704670,-0.34637,-7.13698,7.13698
CHS,chrX,704859,-0.34637,-7.13698,7.13698
CHS,chrX,704940,-0.34637,-7.13698,7.13698
CHS,chrX,704949,-0.34637,-7.13698,7.13698
CHS,chrX,705084,-0.34637,-7.13698,7.13698
CHS,chrX,705159,-0.34637,-7.13698,7.13698
CHS,chrX,705191,-0.34637,-7.13698,7.13698
CHS,chrX,705482,-0.351026,-6.13,6.13
CHS,chrX,731568,-2.65521,-8.26566,8.26566
CHS,chrX,732408,-2.65521,-8.26566,8.26566
CHS,chrX,733215,-2.65521,-8.26566,8.26566
CHS,chrX,734347,-3.25782,-9.13962,9.13962
CHS,chrX,734423,-3.09766,-8.57688,8.57688
CHS,chrX,734885,-2.31563,-8.09331,8.09331
CHS,chrX,735714,-0.822821,-7.52743,7.52743
CHS,chrX,744732,-0.352594,-6.31239,6.31239
CHS,chrX,745985,-0.352594,-6.31239,6.31239
CHS,chrX,861504,-0.955158,-6.06102,6.06102
CHS,chrX,861671,-0.955158,-6.06102,6.06102
CHS,chrX,886586,-0.792766,-6.92107,6.92107
CHS,chrX,887301,-1.05691,-7.8417,7.8417
CHS,chrX,889597,-3.67546,-8.99895,8.99895
CHS,chrX,889651,-3.49804,-8.91262,8.91262
CHS,chrX,889941,-3.50666,-6.82527,6.82527
CHS,chrX,890391,-3.49804,-8.91262,8.91262
CHS,chrX,890459,-3.49804,-8.91262,8.91262
CHS,chrX,890806,-3.34733,-10.0034,10.0034
CHS,chrX,891904,-3.49804,-8.91262,8.91262
CHS,chrX,893285,-3.29467,-9.94282,9.94282
CHS,chrX,894964,-3.71879,-11.9931,11.9931
CHS,chrX,895075,-1.96962,-7.23482,7.23482
CHS,chrX,896561,-1.96962,-7.23482,7.23482
CHS,chrX,896774,-1.69697,-8.48838,8.48838
CHS,chrX,897491,-1.96962,-7.23482,7.23482
CHS,chrX,897556,-1.69697,-8.48838,8.48838
CHS,chrX,897625,-1.69697,-8.48838,8.48838
CHS,chrX,898415,-4.14254,-13.3247,13.3247
CHS,chrX,914918,-2.26006,-7.28953,7.28953
CHS,chrX,915352,-2.35009,-7.11728,7.11728
CHS,chrX,915622,-2.20523,-6.33195,6.33195
CHS,chrX,920250,-1.07657,-6.62299,6.62299
CHS,chrX,920377,-0.945817,-6.41157,6.41157
CHS,chrX,969209,-1.66143,-6.44126,6.44126
CHS,chrX,969261,-1.66143,-6.44126,6.44126
CHS,chrX,970067,-1.58475,-6.0308,6.0308
CHS,chrX,979981,-1.10516,-6.57192,6.57192
CHS,chrX,1002155,-0.119232,-6.41629,6.41629
CHS,chrX,1096088,-0.893745,-6.2522,6.2522
CHS,chrX,1103446,-1.8456,-7.9322,7.9322
CHS,chrX,1103650,-2.21799,-9.47605,9.47605
CHS,chrX,1103656,-1.5559,-6.75257,6.75257
CHS,chrX,1274906,-1.18595,-6.22261,6.22261
CHS,chrX,1281763,-1.94553,-6.68674,6.68674
CHS,chrX,1586882,-0.757992,-6.06614,6.06614
CHS,chrX,1590887,-3.38891,-7.09023,7.09023
CHS,chrX,1590894,-2.9186,-6.64627,6.64627
CHS,chrX,1591176,-2.9186,-6.64627,6.64627
CHS,chrX,1592272,-0.511477,-7.15546,7.15546
CHS,chrX,1594128,-2.70095,-10.165,10.165
CHS,chrX,1594275,-2.55678,-9.88681,9.88681
CHS,chrX,1595720,-2.16743,-8.73199,8.73199
CHS,chrX,1599115,-0.508093,-8.55788,8.55788
CHS,chrX,1601004,-1.39447,-9.23489,9.23489
CHS,chrX,1623744,-1.64222,-8.81897,8.81897
CHS,chrX,1627936,-1.59916,-6.87251,6.87251
CHS,chrX,1627957,-2.43934,-9.837,9.837
CHS,chrX,1643665,-1.67563,-6.79797,6.79797
CHS,chrX,155998747,-1.16099,-8.54938,8.54938
CHS,chrX,155998966,-0.931372,-6.60698,6.60698
CLM,chrX,327827,-0.785817,-8.02027,8.02027
CLM,chrX,329740,-1.17638,-6.89477,6.89477
CLM,chrX,413532,-1.10526,-6.29162,6.29162
CLM,chrX,559923,-3.09156,-6.96947,6.96947
CLM,chrX,559983,-3.09156,-6.96947,6.96947
CLM,chrX,635661,-0.689373,-6.62379,6.62379
CLM,chrX,637039,-1.31442,-6.99469,6.99469
CLM,chrX,655912,-0.712617,-6.97992,6.97992
CLM,chrX,660435,-1.98042,-9.00931,9.00931
CLM,chrX,660722,-1.44328,-6.13361,6.13361
CLM,chrX,660743,-1.49151,-8.63281,8.63281
CLM,chrX,718786,-0.849471,-8.51754,8.51754
CLM,chrX,718862,-0.849471,-8.51754,8.51754
CLM,chrX,718983,-0.584951,-6.22481,6.22481
CLM,chrX,719764,-0.364617,-6.02607,6.02607
CLM,chrX,883851,-1.13997,-6.88247,6.88247
CLM,chrX,915352,-1.53186,-7.37778,7.37778
CLM,chrX,915622,-1.53186,-7.37778,7.37778
CLM,chrX,970067,-1.76316,-6.91474,6.91474
CLM,chrX,975067,-3.13708,-7.75603,7.75603
CLM,chrX,983728,-1.83425,-6.1521,6.1521
CLM,chrX,1003019,-1.76038,-7.25505,7.25505
CLM,chrX,1096291,-1.39172,-7.15357,7.15357
CLM,chrX,1270685,-1.32504,-8.46484,8.46484
CLM,chrX,1341546,-1.63022,-8.35079,8.35079
CLM,chrX,1341548,-1.63022,-8.35079,8.35079
CLM,chrX,1346644,-0.754569,-7.28022,7.28022
CLM,chrX,1352245,-4.67955,-11.2917,11.2917
CLM,chrX,1352649,-4.67955,-11.2917,11.2917
CLM,chrX,1352724,-4.67955,-11.2917,11.2917
CLM,chrX,1352731,-4.90986,-11.5888,11.5888
CLM,chrX,1354354,-5.10644,-13.1691,13.1691
CLM,chrX,1354393,-4.2687,-8.57201,8.57201
CLM,chrX,1354508,-4.90986,-11.5888,11.5888
CLM,chrX,1357679,-6.25427,-10.5256,10.5256
CLM,chrX,1362634,-2.43821,-6.53167,6.53167
CLM,chrX,1362690,-2.43821,-6.53167,6.53167
CLM,chrX,1368251,-1.76782,-6.18422,6.18422
CLM,chrX,1382782,-2.8271,-6.59974,6.59974
CLM,chrX,1383328,-2.8271,-6.59974,6.59974
CLM,chrX,1383689,-2.8271,-6.59974,6.59974
CLM,chrX,1384144,-2.8271,-6.59974,6.59974
CLM,chrX,1543418,-1.17261,-6.20271,6.20271
CLM,chrX,1611353,-0.691765,-6.0502,6.0502
CLM,chrX,1657989,-0.794106,-6.36303,6.36303
CLM,chrX,1658065,-0.623286,-6.08889,6.08889
CLM,chrX,1658113,-0.623286,-6.08889,6.08889
CLM,chrX,1658204,-0.870146,-7.32345,7.32345
CLM,chrX,1658214,-0.870146,-7.32345,7.32345
CLM,chrX,2510076,-0.723028,-6.60526,6.60526
ESN,chrX,558829,-1.43261,-6.73701,6.73701
ESN,chrX,558839,-1.43261,-6.73701,6.73701
ESN,chrX,730174,-1.95766,-7.70942,7.70942
ESN,chrX,730278,-3.78373,-10.6559,10.6559
ESN,chrX,734423,-1.04872,-6.68009,6.68009
ESN,chrX,735894,-1.69952,-6.23037,6.23037
ESN,chrX,736014,-1.72925,-6.04566,6.04566
ESN,chrX,744900,-3.08688,-6.62528,6.62528
ESN,chrX,745607,-3.08688,-6.62528,6.62528
ESN,chrX,787887,-1.08542,-6.06904,6.06904
ESN,chrX,787987,-1.08542,-6.06904,6.06904
ESN,chrX,791414,-1.94428,-6.55177,6.55177
ESN,chrX,808623,-2.22383,-6.22029,6.22029
ESN,chrX,950198,-1.56378,-6.0213,6.0213
ESN,chrX,950543,-1.56378,-6.0213,6.0213
ESN,chrX,950555,-1.56378,-6.0213,6.0213
ESN,chrX,980568,-1.10727,-7.26965,7.26965
ESN,chrX,981487,-2.59647,-10.3092,10.3092
ESN,chrX,981998,-2.17824,-6.34066,6.34066
ESN,chrX,982156,-2.3743,-6.12493,6.12493
ESN,chrX,991691,-0.677755,-6.95815,6.95815
ESN,chrX,993855,-2.00073,-9.9263,9.9263
ESN,chrX,994033,-1.15589,-6.9267,6.9267
ESN,chrX,1007424,-1.37626,-6.4738,6.4738
ESN,chrX,1007801,-1.422,-7.15217,7.15217
ESN,chrX,1009311,-1.25826,-8.511,8.511
ESN,chrX,1010108,-1.25826,-8.511,8.511
ESN,chrX,1060773,-1.95606,-6.39259,6.39259
ESN,chrX,1061125,-1.63947,-6.10363,6.10363
ESN,chrX,1070069,-1.87278,-6.30258,6.30258
ESN,chrX,1076933,-1.12823,-7.34468,7.34468
ESN,chrX,1077471,-1.24348,-6.15696,6.15696
ESN,chrX,1380985,-1.68536,-6.18129,6.18129
ESN,chrX,1410836,-1.82063,-8.85255,8.85255
ESN,chrX,1410837,-1.82063,-8.85255,8.85255
ESN,chrX,1411335,-1.72851,-6.38721,6.38721
ESN,chrX,1411420,-1.08542,-6.06904,6.06904
ESN,chrX,1411565,-1.11142,-7.10704,7.10704
ESN,chrX,1411590,-1.11142,-7.10704,7.10704
ESN,chrX,1411747,-3.2186,-6.89317,6.89317
ESN,chrX,1523758,-0.353546,-7.93855,7.93855
ESN,chrX,1524301,-2.14571,-6.97791,6.97791
ESN,chrX,1525359,-2.14571,-6.97791,6.97791
ESN,chrX,1623744,-0.919639,-6.43545,6.43545
ESN,chrX,2471816,-0.502764,-6.56687,6.56687
ESN,chrX,2474685,-1.14073,-6.35188,6.35188
ESN,chrX,2474697,-1.14073,-6.35188,6.35188
ESN,chrX,2474736,-1.14073,-6.35188,6.35188
ESN,chrX,2474752,-1.14073,-6.35188,6.35188
ESN,chrX,2474761,-1.14073,-6.35188,6.35188
ESN,chrX,2474782,-1.14073,-6.35188,6.35188
ESN,chrX,2475121,-1.58482,-6.2678,6.2678
ESN,chrX,2475123,-1.58482,-6.2678,6.2678
ESN,chrX,2475175,-1.58482,-6.2678,6.2678
ESN,chrX,2475176,-1.58482,-6.2678,6.2678
ESN,chrX,2475198,-1.58482,-6.2678,6.2678
ESN,chrX,2475891,-2.19305,-7.64393,7.64393
ESN,chrX,2478653,-1.50979,-6.13123,6.13123
ESN,chrX,2478742,-1.50979,-6.13123,6.13123
ESN,chrX,2481096,-2.76551,-6.26318,6.26318
FIN,chrX,655912,-0.877126,-7.27553,7.27553
FIN,chrX,860991,-3.29521,-6.80447,6.80447
FIN,chrX,1198547,-1.46765,-6.05888,6.05888
FIN,chrX,1352245,-1.43803,-9.14449,9.14449
FIN,chrX,1352649,-1.43803,-9.14449,9.14449
FIN,chrX,1352724,-1.43803,-9.14449,9.14449
FIN,chrX,1352731,-1.43803,-9.14449,9.14449
FIN,chrX,1354354,-1.29871,-7.0052,7.0052
FIN,chrX,1354393,-1.29871,-7.0052,7.0052
FIN,chrX,1354508,-1.29871,-7.0052,7.0052
FIN,chrX,1356428,-1.48026,-8.3341,8.3341
FIN,chrX,1357679,-2.02576,-6.90491,6.90491
FIN,chrX,1359575,-2.02576,-6.90491,6.90491
FIN,chrX,1586882,-2.75832,-7.51591,7.51591
FIN,chrX,1590887,-2.22708,-7.24768,7.24768
FIN,chrX,1590894,-2.75832,-7.51591,7.51591
FIN,chrX,1591176,-2.75832,-7.51591,7.51591
FIN,chrX,1592272,-2.75832,-7.51591,7.51591
FIN,chrX,1594128,-2.75832,-7.51591,7.51591
FIN,chrX,1594275,-2.75832,-7.51591,7.51591
FIN,chrX,1598378,-3.28811,-6.71452,6.71452
FIN,chrX,1599115,-4.03285,-7.38853,7.38853
FIN,chrX,1599467,-1.70322,-7.51812,7.51812
FIN,chrX,1603154,-2.68276,-7.03887,7.03887
FIN,chrX,1607627,-3.13422,-7.98309,7.98309
FIN,chrX,1609502,-2.53117,-8.64055,8.64055
FIN,chrX,1610913,-2.48594,-6.24708,6.24708
FIN,chrX,1611353,-2.74695,-9.08898,9.08898
GBR,chrX,521732,-2.21701,-6.11338,6.11338
GBR,chrX,660722,-0.897696,-7.79227,7.79227
GBR,chrX,660736,-0.897696,-7.79227,7.79227
GBR,chrX,660743,-0.897696,-7.79227,7.79227
GBR,chrX,661436,-2.25317,-7.59061,7.59061
GBR,chrX,665423,-1.09749,-8.00544,8.00544
GBR,chrX,732408,-3.14639,-9.92143,9.92143
GBR,chrX,733215,-1.69681,-9.0057,9.0057
GBR,chrX,824136,-1.44711,-8.27293,8.27293
GBR,chrX,824225,-1.44711,-8.27293,8.27293
GBR,chrX,830669,-1.70153,-6.40131,6.40131
GBR,chrX,883851,-0.839994,-6.59653,6.59653
GBR,chrX,1002155,-0.884653,-6.27933,6.27933
GBR,chrX,1093454,-1.3633,-6.8073,6.8073
GBR,chrX,1093476,-1.3633,-6.8073,6.8073
GBR,chrX,1147523,-0.983163,-6.72943,6.72943
GBR,chrX,1147735,-2.57086,-7.15997,7.15997
GBR,chrX,1155617,-2.45432,-6.26467,6.26467
GBR,chrX,1232867,-1.70749,-6.11338,6.11338
GBR,chrX,1316609,-4.31136,-6.11295,6.11295
GBR,chrX,1316694,-4.31136,-6.11295,6.11295
GBR,chrX,1349626,-2.86755,-6.93289,6.93289
GBR,chrX,1357679,-1.01869,-6.17079,6.17079
GBR,chrX,1382782,-1.03506,-7.27815,7.27815
GBR,chrX,1383328,-1.03506,-7.27815,7.27815
GBR,chrX,1383689,-1.03506,-7.27815,7.27815
GBR,chrX,1384144,-1.03506,-7.27815,7.27815
GBR,chrX,1387220,-1.03506,-7.27815,7.27815
GBR,chrX,1590894,-2.30949,-7.10934,7.10934
GBR,chrX,1591176,-2.77508,-7.1672,7.1672
GBR,chrX,1592272,-2.77508,-7.1672,7.1672
GBR,chrX,1594128,-2.77508,-7.1672,7.1672
GBR,chrX,1594275,-2.77508,-7.1672,7.1672
GBR,chrX,1598378,-1.27695,-6.38397,6.38397
GBR,chrX,1599754,-1.21472,-7.31931,7.31931
GIH,chrX,330528,-2.05083,-6.80721,6.80721
GIH,chrX,660435,-3.28248,-9.38829,9.38829
GIH,chrX,660722,-1.03277,-8.44862,8.44862
GIH,chrX,660736,-1.0665,-7.19721,7.19721
GIH,chrX,660743,-1.0665,-7.19721,7.19721
GIH,chrX,718983,-2.09102,-6.67374,6.67374
GIH,chrX,731568,-1.4103,-10.2938,10.2938
GIH,chrX,732408,-2.36895,-8.85786,8.85786
GIH,chrX,733215,-2.36895,-8.85786,8.85786
GIH,chrX,824136,-0.503795,-6.76925,6.76925
GIH,chrX,824225,-0.503795,-6.76925,6.76925
GIH,chrX,861504,-2.91563,-7.25274,7.25274
GIH,chrX,866590,-2.20512,-6.22916,6.22916
GIH,chrX,883910,-2.21769,-8.74479,8.74479
GIH,chrX,886586,-1.7628,-6.77835,6.77835
GIH,chrX,889597,-2.26579,-8.11301,8.11301
GIH,chrX,889651,-1.58223,-7.40917,7.40917
GIH,chrX,889941,-2.26579,-8.11301,8.11301
GIH,chrX,890391,-1.58223,-7.40917,7.40917
GIH,chrX,890459,-1.58223,-7.40917,7.40917
GIH,chrX,898415,-1.08741,-6.51037,6.51037
GIH,chrX,914918,-1.78254,-10.2913,10.2913
GIH,chrX,915352,-1.78254,-10.2913,10.2913
GIH,chrX,915622,-1.78254,-10.2913,10.2913
GIH,chrX,915966,-1.4103,-6.36639,6.36639
GIH,chrX,917194,-1.1203,-6.58377,6.58377
GIH,chrX,920377,-2.34927,-6.67937,6.67937
GIH,chrX,975067,-1.16039,-6.09645,6.09645
GIH,chrX,1091208,-2.41733,-6.39015,6.39015
GIH,chrX,1091394,-4.1763,-6.15941,6.15941
GIH,chrX,1091702,-4.1763,-6.15941,6.15941
GIH,chrX,1091970,-4.1763,-6.15941,6.15941
GIH,chrX,1096088,-1.14433,-9.01016,9.01016
GIH,chrX,1096291,-0.657214,-6.67374,6.67374
GIH,chrX,1100147,-1.87832,-8.06287,8.06287
GIH,chrX,1100375,-1.78265,-6.66247,6.66247
GIH,chrX,1199934,-2.61701,-7.02262,7.02262
GIH,chrX,1241747,-1.0665,-7.9716,7.9716
GIH,chrX,1254157,-2.53247,-6.7026,6.7026
GIH,chrX,1254903,-2.53247,-6.7026,6.7026
GIH,chrX,1255835,-2.53247,-6.7026,6.7026
GIH,chrX,1268954,-1.50227,-6.55678,6.55678
GIH,chrX,1270478,-1.50227,-6.55678,6.55678
GIH,chrX,1270579,-1.50227,-6.55678,6.55678
GIH,chrX,1270685,-1.50227,-6.55678,6.55678
GIH,chrX,1274906,-2.60834,-8.06234,8.06234
GIH,chrX,1354354,-2.79966,-8.06287,8.06287
GIH,chrX,1354393,-2.79966,-8.06287,8.06287
GIH,chrX,1354508,-2.79966,-8.06287,8.06287
GIH,chrX,1356428,-5.53716,-11.3486,11.3486
GIH,chrX,1357679,-2.4558,-10.8208,10.8208
GIH,chrX,1359575,-2.01171,-7.02749,7.02749
GIH,chrX,1591176,-2.33111,-7.96972,7.96972
GIH,chrX,1592272,-1.43933,-6.39032,6.39032
GIH,chrX,1594128,-0.446542,-6.15297,6.15297
GIH,chrX,1594275,-0.506407,-8.18865,8.18865
GIH,chrX,1595720,-3.1041,-7.8124,7.8124
GIH,chrX,1598378,-3.40586,-10.4088,10.4088
GIH,chrX,1609502,-2.31695,-9.90641,9.90641
GIH,chrX,1611353,-0.4683,-6.322,6.322
GIH,chrX,1611444,-0.4683,-6.322,6.322
GIH,chrX,1623054,-1.14493,-7.97931,7.97931
GIH,chrX,1623744,-2.0423,-7.36836,7.36836
GIH,chrX,1627957,-2.07727,-6.19051,6.19051
GIH,chrX,1655448,-1.91116,-6.50459,6.50459
GIH,chrX,155988327,-2.62083,-7.40271,7.40271
GIH,chrX,155988627,-2.62083,-7.40271,7.40271
GIH,chrX,155988752,-2.62083,-7.40271,7.40271
GIH,chrX,155988872,-2.62083,-7.40271,7.40271
GIH,chrX,155989178,-2.62083,-7.40271,7.40271
GIH,chrX,155989745,-2.62083,-7.40271,7.40271
GIH,chrX,155990182,-2.62083,-7.40271,7.40271
GIH,chrX,155991196,-2.62083,-7.40271,7.40271
GIH,chrX,155991329,-2.62083,-7.40271,7.40271
GIH,chrX,155992667,-2.62083,-7.40271,7.40271
GIH,chrX,155993566,-2.61148,-8.09741,8.09741
GIH,chrX,155994040,-2.61148,-8.09741,8.09741
GWD,chrX,319516,-1.88891,-8.2805,8.2805
GWD,chrX,319521,-1.59306,-7.94757,7.94757
GWD,chrX,319877,-1.72031,-8.40577,8.40577
GWD,chrX,323264,-1.06939,-7.61684,7.61684
GWD,chrX,325886,-1.10231,-8.09368,8.09368
GWD,chrX,474528,-2.32,-6.45801,6.45801
GWD,chrX,558829,-2.45545,-6.23402,6.23402
GWD,chrX,558839,-2.45545,-6.23402,6.23402
GWD,chrX,559940,-1.6129,-6.41426,6.41426
GWD,chrX,560000,-1.44124,-7.67996,7.67996
GWD,chrX,618247,-1.36084,-6.82734,6.82734
GWD,chrX,701319,-1.21291,-9.3356,9.3356
GWD,chrX,701874,-0.504822,-7.57843,7.57843
GWD,chrX,704859,-1.15259,-6.51997,6.51997
GWD,chrX,705084,-1.36197,-6.12709,6.12709
GWD,chrX,730174,-1.48484,-7.51993,7.51993
GWD,chrX,730278,-0.906004,-8.37668,8.37668
GWD,chrX,731568,-1.46276,-9.12163,9.12163
GWD,chrX,734423,-0.95898,-6.69135,6.69135
GWD,chrX,734885,-0.95898,-6.69135,6.69135
GWD,chrX,787887,-0.34369,-6.23994,6.23994
GWD,chrX,787987,-0.34369,-6.23994,6.23994
GWD,chrX,808623,-0.866247,-7.05229,7.05229
GWD,chrX,851227,-1.15259,-6.51997,6.51997
GWD,chrX,883811,-0.799016,-6.41441,6.41441
GWD,chrX,889651,-0.555462,-6.23994,6.23994
GWD,chrX,890459,-0.555462,-6.23994,6.23994
GWD,chrX,891904,-1.6571,-7.02957,7.02957
GWD,chrX,895075,-1.01161,-7.02957,7.02957
GWD,chrX,896561,-1.73578,-7.74506,7.74506
GWD,chrX,897491,-1.01161,-7.02957,7.02957
GWD,chrX,920250,-0.850715,-8.01852,8.01852
GWD,chrX,920377,-0.912615,-8.46416,8.46416
GWD,chrX,947451,-1.10185,-7.09016,7.09016
GWD,chrX,947460,-0.979032,-7.24311,7.24311
GWD,chrX,947469,-0.979032,-7.24311,7.24311
GWD,chrX,947470,-0.979032,-7.24311,7.24311
GWD,chrX,951063,-2.32061,-8.25887,8.25887
GWD,chrX,951256,-2.32061,-8.25887,8.25887
GWD,chrX,952772,-3.14204,-8.38442,8.38442
GWD,chrX,969209,-0.61015,-7.10747,7.10747
GWD,chrX,969261,-0.61015,-7.10747,7.10747
GWD,chrX,976920,-0.740111,-8.99413,8.99413
GWD,chrX,979981,-1.38535,-6.39162,6.39162
GWD,chrX,980568,-0.943516,-6.45783,6.45783
GWD,chrX,981487,-0.814658,-7.27234,7.27234
GWD,chrX,981882,-1.49722,-8.61162,8.61162
GWD,chrX,981998,-0.291576,-6.56338,6.56338
GWD,chrX,991691,-0.787517,-7.19025,7.19025
GWD,chrX,1002155,-0.701097,-8.5591,8.5591
GWD,chrX,1007424,-0.370222,-6.97159,6.97159
GWD,chrX,1007801,-0.21547,-6.51369,6.51369
GWD,chrX,1009311,-0.69644,-10.5789,10.5789
GWD,chrX,1010108,-0.727137,-8.05703,8.05703
GWD,chrX,1060396,-0.775915,-6.14692,6.14692
GWD,chrX,1060773,-0.514616,-6.89847,6.89847
GWD,chrX,1061125,-0.514616,-6.89847,6.89847
GWD,chrX,1065491,-1.25691,-6.42425,6.42425
GWD,chrX,1098785,-2.1643,-6.63227,6.63227
GWD,chrX,1099341,-0.315859,-6.22104,6.22104
GWD,chrX,1202027,-1.39185,-6.022,6.022
GWD,chrX,1249129,-1.81229,-6.1326,6.1326
GWD,chrX,1249175,-1.81229,-6.1326,6.1326
GWD,chrX,1252255,-1.04028,-9.61441,9.61441
GWD,chrX,1254157,-0.510264,-9.32154,9.32154
GWD,chrX,1411747,-0.634762,-7.11629,7.11629
GWD,chrX,1426794,-0.612543,-9.07269,9.07269
GWD,chrX,1427037,-0.612543,-9.07269,9.07269
GWD,chrX,1427158,-0.612543,-9.07269,9.07269
GWD,chrX,1427305,-0.612543,-9.07269,9.07269
GWD,chrX,1492360,-1.18488,-6.57329,6.57329
GWD,chrX,1647683,-0.863977,-6.51723,6.51723
GWD,chrX,1650376,-1.13008,-6.12709,6.12709
GWD,chrX,1654834,-1.05257,-6.03949,6.03949
GWD,chrX,155785939,-2.70408,-8.76753,8.76753
GWD,chrX,155823811,-2.19853,-7.48418,7.48418
GWD,chrX,155825434,-1.35749,-6.18878,6.18878
GWD,chrX,155971926,-1.23057,-6.94333,6.94333
GWD,chrX,155998966,-0.445064,-6.31022,6.31022
GWD,chrX,155999338,-0.18554,-6.33169,6.33169
GWD,chrX,155999524,-0.18554,-6.33169,6.33169
GWD,chrX,155999818,-0.234498,-6.80816,6.80816
IBS,chrX,329740,-1.73541,-6.07618,6.07618
IBS,chrX,424893,-0.559632,-6.37254,6.37254
IBS,chrX,561873,-4.16032,-7.29234,7.29234
IBS,chrX,562068,-4.16032,-7.29234,7.29234
IBS,chrX,562092,-4.16032,-7.29234,7.29234
IBS,chrX,565216,-0.822383,-9.29199,9.29199
IBS,chrX,571732,-1.11468,-6.24632,6.24632
IBS,chrX,660722,-1.7335,-6.31331,6.31331
IBS,chrX,660736,-1.7335,-6.31331,6.31331
IBS,chrX,660743,-2.11623,-10.9385,10.9385
IBS,chrX,661008,-1.40595,-6.13456,6.13456
IBS,chrX,661436,-0.998327,-7.22855,7.22855
IBS,chrX,662103,-1.38361,-7.02937,7.02937
IBS,chrX,730174,-1.81882,-7.79255,7.79255
IBS,chrX,730278,-1.67357,-6.6413,6.6413
IBS,chrX,731568,-1.43373,-7.56401,7.56401
IBS,chrX,883882,-1.88076,-6.97855,6.97855
IBS,chrX,948052,-1.86836,-6.60422,6.60422
IBS,chrX,969209,-1.33527,-7.84844,7.84844
IBS,chrX,969261,-1.33527,-7.84844,7.84844
IBS,chrX,970067,-0.439818,-7.64899,7.64899
IBS,chrX,993855,-1.34877,-9.67258,9.67258
IBS,chrX,1002155,-0.476961,-6.33875,6.33875
IBS,chrX,1064614,-1.444,-7.79999,7.79999
IBS,chrX,1096088,-1.38307,-6.16456,6.16456
IBS,chrX,1127011,-1.27947,-7.51433,7.51433
IBS,chrX,1316694,-2.76836,-7.21379,7.21379
IBS,chrX,1346644,-2.92026,-9.0735,9.0735
IBS,chrX,1352245,-0.634396,-8.62111,8.62111
IBS,chrX,1352649,-0.634396,-8.62111,8.62111
IBS,chrX,1352724,-0.634396,-8.62111,8.62111
IBS,chrX,1352731,-0.634396,-8.62111,8.62111
IBS,chrX,1356428,-0.482452,-6.39578,6.39578
IBS,chrX,1359575,-1.18286,-7.59165,7.59165
IBS,chrX,1586882,-2.00821,-7.20722,7.20722
IBS,chrX,1590887,-1.56635,-6.45016,6.45016
IBS,chrX,1590894,-1.52182,-6.5609,6.5609
IBS,chrX,1591176,-1.42022,-7.47071,7.47071
IBS,chrX,1592272,-1.42022,-7.47071,7.47071
IBS,chrX,1595720,-1.49456,-11.2734,11.2734
IBS,chrX,1599115,-1.10698,-8.53448,8.53448
IBS,chrX,1599467,-1.21628,-8.95692,8.95692
IBS,chrX,1599754,-1.21628,-8.95692,8.95692
IBS,chrX,1601004,-3.38083,-7.76231,7.76231
IBS,chrX,1601928,-3.38083,-7.76231,7.76231
IBS,chrX,1603154,-1.38361,-6.34513,6.34513
IBS,chrX,1607627,-0.466572,-6.85809,6.85809
IBS,chrX,1609502,-0.35233,-7.9433,7.9433
IBS,chrX,1610913,-0.996885,-6.10315,6.10315
IBS,chrX,1611353,-1.41275,-8.30441,8.30441
IBS,chrX,1614890,-2.7295,-6.78747,6.78747
IBS,chrX,1614999,-2.98044,-6.54602,6.54602
IBS,chrX,1646312,-0.604356,-7.32811,7.32811
IBS,chrX,1646442,-0.604356,-7.32811,7.32811
IBS,chrX,1646510,-0.604356,-7.32811,7.32811
IBS,chrX,1646549,-2.54378,-6.83895,6.83895
IBS,chrX,1647070,-1.68009,-6.21388,6.21388
IBS,chrX,1647386,-1.65824,-6.59813,6.59813
IBS,chrX,1647976,-1.40906,-6.1991,6.1991
IBS,chrX,1680630,-0.519192,-6.13109,6.13109
IBS,chrX,155806524,-3.75414,-6.43352,6.43352
ITU,chrX,413532,-1.45223,-7.82488,7.82488
ITU,chrX,517118,-2.29878,-6.78267,6.78267
ITU,chrX,517133,-2.29878,-6.78267,6.78267
ITU,chrX,660435,-2.79958,-10.8,10.8
ITU,chrX,660722,-2.50182,-7.50286,7.50286
ITU,chrX,660736,-2.14692,-10.1711,10.1711
ITU,chrX,660743,-2.14692,-10.1711,10.1711
ITU,chrX,661436,-5.83094,-12.1763,12.1763
ITU,chrX,665423,-2.77974,-8.57671,8.57671
ITU,chrX,730174,-3.20656,-8.26251,8.26251
ITU,chrX,730278,-3.12862,-6.33005,6.33005
ITU,chrX,731568,-3.20656,-8.26251,8.26251
ITU,chrX,734423,-1.46516,-6.78267,6.78267
ITU,chrX,734885,-3.12665,-8.29942,8.29942
ITU,chrX,735714,-3.12665,-8.29942,8.29942
ITU,chrX,802987,-7.46587,-7.63832,7.63832
ITU,chrX,817151,-3.53129,-6.67067,6.67067
ITU,chrX,883811,-3.0223,-9.10528,9.10528
ITU,chrX,883851,-3.39307,-12.1625,12.1625
ITU,chrX,883910,-2.19461,-6.52529,6.52529
ITU,chrX,890806,-2.20919,-7.28678,7.28678
ITU,chrX,891904,-2.06045,-8.2872,8.2872
ITU,chrX,895075,-1.12855,-6.3288,6.3288
ITU,chrX,914918,-0.837373,-8.55344,8.55344
ITU,chrX,915352,-0.837373,-8.55344,8.55344
ITU,chrX,915622,-0.837373,-8.55344,8.55344
ITU,chrX,915966,-3.12862,-8.39941,8.39941
ITU,chrX,916135,-1.23986,-6.72389,6.72389
ITU,chrX,917194,-2.14692,-7.24464,7.24464
ITU,chrX,947451,-2.60151,-7.26131,7.26131
ITU,chrX,947460,-2.60151,-7.26131,7.26131
ITU,chrX,947469,-2.60151,-7.26131,7.26131
ITU,chrX,947470,-2.60151,-7.26131,7.26131
ITU,chrX,1029617,-4.74505,-7.04395,7.04395
ITU,chrX,1064604,-0.904445,-6.20838,6.20838
ITU,chrX,1064614,-0.904445,-6.20838,6.20838
ITU,chrX,1093454,-3.51444,-7.36719,7.36719
ITU,chrX,1093476,-3.08507,-6.60472,6.60472
ITU,chrX,1096291,-1.65831,-6.55407,6.55407
ITU,chrX,1096900,-2.00631,-8.50795,8.50795
ITU,chrX,1098714,-2.25123,-6.61097,6.61097
ITU,chrX,1098785,-2.00631,-8.50795,8.50795
ITU,chrX,1103446,-1.75992,-7.25808,7.25808
ITU,chrX,1103650,-2.23381,-9.37806,9.37806
ITU,chrX,1103656,-2.37987,-10.1112,10.1112
ITU,chrX,1110165,-2.93289,-6.15954,6.15954
ITU,chrX,1201016,-2.08807,-7.93242,7.93242
ITU,chrX,1201052,-1.11521,-7.15757,7.15757
ITU,chrX,1201063,-1.11521,-7.15757,7.15757
ITU,chrX,1201096,-1.11521,-7.15757,7.15757
ITU,chrX,1201150,-1.11521,-7.15757,7.15757
ITU,chrX,1201217,-1.11521,-7.15757,7.15757
ITU,chrX,1201242,-1.11521,-7.15757,7.15757
ITU,chrX,1201317,-1.11521,-7.15757,7.15757
ITU,chrX,1201384,-1.11521,-7.15757,7.15757
ITU,chrX,1202027,-2.12103,-6.66346,6.66346
ITU,chrX,1263793,-2.6394,-6.45983,6.45983
ITU,chrX,1263800,-2.6394,-6.45983,6.45983
ITU,chrX,1265049,-1.36874,-6.5081,6.5081
ITU,chrX,1268567,-0.74348,-6.87207,6.87207
ITU,chrX,1268954,-2.64815,-9.80297,9.80297
ITU,chrX,1270478,-2.54907,-9.14405,9.14405
ITU,chrX,1270579,-2.54907,-9.14405,9.14405
ITU,chrX,1270685,-3.57096,-14.1548,14.1548
ITU,chrX,1279363,-1.10224,-9.45666,9.45666
ITU,chrX,1279365,-1.10224,-9.45666,9.45666
ITU,chrX,1309864,-1.22088,-6.87665,6.87665
ITU,chrX,1322599,-2.05854,-6.35805,6.35805
ITU,chrX,1347587,-3.25158,-6.09014,6.09014
ITU,chrX,1352245,-3.88976,-6.37622,6.37622
ITU,chrX,1359575,-1.91001,-10.5231,10.5231
ITU,chrX,1380877,-0.713896,-6.33005,6.33005
ITU,chrX,1380942,-0.713896,-6.33005,6.33005
ITU,chrX,1380985,-0.713896,-6.33005,6.33005
ITU,chrX,1382782,-1.84005,-7.95789,7.95789
ITU,chrX,1383328,-1.84005,-7.95789,7.95789
ITU,chrX,1383689,-1.84005,-7.95789,7.95789
ITU,chrX,1384144,-1.84005,-7.95789,7.95789
ITU,chrX,1387220,-1.84005,-7.95789,7.95789
ITU,chrX,1387425,-1.84005,-7.95789,7.95789
ITU,chrX,1586882,-2.18831,-7.69861,7.69861
ITU,chrX,1592272,-1.7522,-8.961,8.961
ITU,chrX,1594128,-1.79671,-7.8418,7.8418
ITU,chrX,1594275,-1.79671,-7.8418,7.8418
ITU,chrX,1595720,-2.83937,-11.0658,11.0658
ITU,chrX,1597507,-2.15742,-7.12611,7.12611
ITU,chrX,1598378,-0.938124,-9.07796,9.07796
ITU,chrX,1599467,-1.07826,-9.91456,9.91456
ITU,chrX,1599754,-1.07826,-9.91456,9.91456
ITU,chrX,1607627,-2.36525,-6.05671,6.05671
ITU,chrX,1609502,-2.19815,-9.69732,9.69732
ITU,chrX,1611444,-0.391264,-7.12611,7.12611
ITU,chrX,1623054,-3.11599,-7.58388,7.58388
ITU,chrX,1623744,-3.11599,-7.58388,7.58388
ITU,chrX,1627936,-3.66642,-6.46601,6.46601
ITU,chrX,1627957,-3.38137,-6.16201,6.16201
ITU,chrX,1644177,-4.89225,-7.90628,7.90628
ITU,chrX,155769472,-2.85777,-6.66402,6.66402
JPT,chrX,291767,-2.67151,-6.68689,6.68689
JPT,chrX,704859,-2.77012,-7.51463,7.51463
JPT,chrX,704940,-2.77012,-7.51463,7.51463
JPT,chrX,704949,-2.05264,-6.60647,6.60647
JPT,chrX,705084,-2.77012,-7.51463,7.51463
JPT,chrX,705159,-2.77012,-7.51463,7.51463
JPT,chrX,705191,-2.77012,-7.51463,7.51463
JPT,chrX,705482,-2.77012,-7.51463,7.51463
JPT,chrX,720993,-2.11881,-6.22964,6.22964
JPT,chrX,730174,-1.98579,-6.39768,6.39768
JPT,chrX,730278,-1.98579,-6.39768,6.39768
JPT,chrX,731568,-1.98579,-6.39768,6.39768
JPT,chrX,734347,-0.53923,-6.01267,6.01267
JPT,chrX,734423,-0.53923,-6.01267,6.01267
JPT,chrX,734885,-0.53923,-6.01267,6.01267
JPT,chrX,894964,-0.741568,-6.63041,6.63041
JPT,chrX,916135,-2.47151,-11.4788,11.4788
JPT,chrX,917194,-1.68579,-6.07608,6.07608
JPT,chrX,920268,-2.26467,-6.07608,6.07608
JPT,chrX,920280,-0.908097,-8.13002,8.13002
JPT,chrX,1199934,-1.66092,-6.77195,6.77195
JPT,chrX,1200936,-1.66092,-6.77195,6.77195
JPT,chrX,1201052,-1.66092,-6.77195,6.77195
JPT,chrX,1201063,-1.66092,-6.77195,6.77195
JPT,chrX,1201096,-1.66092,-6.77195,6.77195
JPT,chrX,1201150,-1.66092,-6.77195,6.77195
JPT,chrX,1201217,-1.66092,-6.77195,6.77195
JPT,chrX,1201242,-1.66092,-6.77195,6.77195
JPT,chrX,1201317,-1.66092,-6.77195,6.77195
JPT,chrX,1201384,-1.66092,-6.77195,6.77195
JPT,chrX,1342323,-1.30983,-7.244,7.244
JPT,chrX,1598378,-0.974735,-7.92911,7.92911
JPT,chrX,1599115,-1.13684,-10.3662,10.3662
JPT,chrX,1599467,-1.24518,-7.69239,7.69239
JPT,chrX,1601004,-1.24518,-7.21068,7.21068
JPT,chrX,1601928,-1.24518,-7.21068,7.21068
JPT,chrX,1609502,-2.29076,-9.1138,9.1138
JPT,chrX,1611444,-1.1054,-7.5736,7.5736
JPT,chrX,1680503,-3.75679,-9.14824,9.14824
JPT,chrX,1680630,-1.92714,-6.3594,6.3594
JPT,chrX,1684243,-3.70197,-6.90881,6.90881
JPT,chrX,155769472,-1.68332,-6.19678,6.19678
JPT,chrX,155770043,-1.68332,-6.19678,6.19678
KHV,chrX,288633,-2.38849,-6.91765,6.91765
KHV,chrX,289428,-3.09567,-6.24621,6.24621
KHV,chrX,291767,-1.65259,-7.04787,7.04787
KHV,chrX,325886,-1.53314,-6.4916,6.4916
KHV,chrX,327827,-1.53314,-6.4916,6.4916
KHV,chrX,329801,-2.09274,-9.16421,9.16421
KHV,chrX,329834,-2.09274,-9.16421,9.16421
KHV,chrX,330490,-1.34633,-8.71413,8.71413
KHV,chrX,330499,-1.34633,-8.71413,8.71413
KHV,chrX,330940,-0.527022,-7.03697,7.03697
KHV,chrX,535805,-2.19617,-7.41261,7.41261
KHV,chrX,536157,-1.67313,-7.81752,7.81752
KHV,chrX,702474,-0.583413,-6.01829,6.01829
KHV,chrX,702544,-0.290943,-6.35807,6.35807
KHV,chrX,703748,-0.583413,-6.01829,6.01829
KHV,chrX,704463,-0.583413,-6.01829,6.01829
KHV,chrX,704589,-0.290943,-6.35807,6.35807
KHV,chrX,704670,-0.583413,-6.01829,6.01829
KHV,chrX,704859,-1.53623,-7.46922,7.46922
KHV,chrX,704940,-1.53623,-7.46922,7.46922
KHV,chrX,704949,-0.987831,-6.25526,6.25526
KHV,chrX,705084,-1.53623,-7.46922,7.46922
KHV,chrX,705159,-1.53623,-7.46922,7.46922
KHV,chrX,705191,-1.53623,-7.46922,7.46922
KHV,chrX,867653,-7.12156,-7.57534,7.57534
KHV,chrX,885378,-1.2564,-6.28265,6.28265
KHV,chrX,890806,-1.63623,-6.30915,6.30915
KHV,chrX,916789,-1.28561,-7.19703,7.19703
KHV,chrX,920250,-2.26349,-7.4321,7.4321
KHV,chrX,969623,-3.94621,-9.97394,9.97394
KHV,chrX,970067,-3.64246,-7.49022,7.49022
KHV,chrX,970358,-4.14624,-6.91765,6.91765
KHV,chrX,976775,-1.92725,-6.24235,6.24235
KHV,chrX,979981,-0.759166,-8.08207,8.08207
KHV,chrX,980568,-1.02846,-8.31571,8.31571
KHV,chrX,981487,-1.02846,-8.31571,8.31571
KHV,chrX,981839,-1.02846,-8.31571,8.31571
KHV,chrX,981882,-1.02846,-8.31571,8.31571
KHV,chrX,981998,-3.04148,-7.29917,7.29917
KHV,chrX,1007424,-2.43066,-6.19344,6.19344
KHV,chrX,1007801,-2.43066,-6.19344,6.19344
KHV,chrX,1046212,-1.46157,-6.40554,6.40554
KHV,chrX,1046456,-1.46157,-6.40554,6.40554
KHV,chrX,1201658,-1.06846,-6.09947,6.09947
KHV,chrX,1202027,-0.800177,-7.23125,7.23125
KHV,chrX,1240771,-3.0482,-8.55673,8.55673
KHV,chrX,1249129,-1.83022,-6.46589,6.46589
KHV,chrX,1249175,-1.83022,-6.46589,6.46589
KHV,chrX,1274906,-1.2333,-8.26821,8.26821
KHV,chrX,1316392,-1.2322,-6.56141,6.56141
KHV,chrX,1357679,-4.24504,-9.40531,9.40531
KHV,chrX,1359575,-2.88039,-8.48359,8.48359
KHV,chrX,1360139,-2.02312,-6.2016,6.2016
KHV,chrX,1590887,-1.7442,-7.01401,7.01401
KHV,chrX,1590894,-2.46717,-8.80018,8.80018
KHV,chrX,1591176,-2.46717,-8.80018,8.80018
KHV,chrX,1592272,-3.56944,-8.14155,8.14155
KHV,chrX,1594128,-2.6599,-6.24841,6.24841
KHV,chrX,1594275,-3.70744,-10.0786,10.0786
KHV,chrX,1597507,-0.60412,-6.57899,6.57899
KHV,chrX,1599467,-1.62532,-6.80565,6.80565
KHV,chrX,1627957,-4.74222,-6.91221,6.91221
KHV,chrX,1634225,-2.68609,-6.91013,6.91013
KHV,chrX,155992667,-1.12513,-6.67277,6.67277
KHV,chrX,155998747,-2.29004,-7.10702,7.10702
KHV,chrX,155998966,-1.82083,-6.77591,6.77591
KHV,chrX,155999338,-1.82083,-6.77591,6.77591
KHV,chrX,155999435,-2.8676,-8.06684,8.06684
KHV,chrX,155999524,-1.82083,-6.77591,6.77591
KHV,chrX,155999818,-1.82083,-6.77591,6.77591
LWK,chrX,303425,-0.413304,-6.59704,6.59704
LWK,chrX,303428,-0.505828,-6.35045,6.35045
LWK,chrX,558829,-2.65329,-8.44787,8.44787
LWK,chrX,558839,-2.65329,-8.44787,8.44787
LWK,chrX,575730,-1.3122,-6.57813,6.57813
LWK,chrX,579237,-1.48038,-6.35286,6.35286
LWK,chrX,580211,-1.48038,-6.35286,6.35286
LWK,chrX,701874,-0.697863,-6.01354,6.01354
LWK,chrX,735714,-1.65046,-6.34953,6.34953
LWK,chrX,822011,-0.625593,-6.14744,6.14744
LWK,chrX,830669,-2.05323,-6.06377,6.06377
LWK,chrX,832840,-3.41051,-7.03887,7.03887
LWK,chrX,885378,-0.813449,-6.63161,6.63161
LWK,chrX,893285,-1.01179,-6.48975,6.48975
LWK,chrX,896561,-1.69706,-8.5726,8.5726
LWK,chrX,897491,-0.940128,-6.89555,6.89555
LWK,chrX,969623,-1.0701,-6.45906,6.45906
LWK,chrX,979981,-1.49465,-7.51609,7.51609
LWK,chrX,981839,-0.99405,-7.13836,7.13836
LWK,chrX,981882,-0.99405,-7.13836,7.13836
LWK,chrX,981998,-0.936033,-7.03514,7.03514
LWK,chrX,983728,-1.54629,-6.46957,6.46957
LWK,chrX,989254,-0.749001,-7.71668,7.71668
LWK,chrX,993855,-1.65046,-7.61671,7.61671
LWK,chrX,994033,-0.73303,-6.26416,6.26416
LWK,chrX,1002155,-1.61397,-7.64253,7.64253
LWK,chrX,1009311,-1.09977,-9.3558,9.3558
LWK,chrX,1010108,-1.09977,-9.3558,9.3558
LWK,chrX,1025683,-1.65046,-6.34953,6.34953
LWK,chrX,1033183,-1.50623,-7.73426,7.73426
LWK,chrX,1035580,-3.93997,-6.598,6.598
LWK,chrX,1063796,-2.27352,-6.92877,6.92877
LWK,chrX,1096900,-1.13713,-8.381,8.381
LWK,chrX,1098714,-1.4935,-7.13836,7.13836
LWK,chrX,1098785,-1.09674,-6.67762,6.67762
LWK,chrX,1212252,-1.21404,-6.45562,6.45562
LWK,chrX,1246344,-1.44176,-7.89278,7.89278
LWK,chrX,1252255,-1.04592,-6.15924,6.15924
LWK,chrX,1255835,-2.19722,-7.37353,7.37353
LWK,chrX,1273451,-1.10134,-7.78002,7.78002
LWK,chrX,1279758,-1.60416,-8.12773,8.12773
LWK,chrX,1445633,-1.57751,-7.65843,7.65843
LWK,chrX,1520114,-1.75122,-6.36454,6.36454
LWK,chrX,1526531,-3.8563,-8.20861,8.20861
LWK,chrX,1529890,-3.67138,-6.14624,6.14624
LWK,chrX,1530761,-3.67138,-6.14624,6.14624
LWK,chrX,1560955,-3.52066,-8.11262,8.11262
LWK,chrX,1564696,-0.836915,-6.8962,6.8962
LWK,chrX,1564718,-1.77547,-7.08541,7.08541
LWK,chrX,1565178,-1.57751,-6.54634,6.54634
LWK,chrX,1623744,-1.50623,-7.73426,7.73426
LWK,chrX,2452068,-1.87532,-7.41697,7.41697
LWK,chrX,2452134,-1.96435,-6.8962,6.8962
LWK,chrX,2452232,-1.96435,-6.8962,6.8962
LWK,chrX,2452444,-1.96435,-6.8962,6.8962
LWK,chrX,2452453,-1.96435,-6.8962,6.8962
LWK,chrX,2452694,-2.16766,-6.2188,6.2188
LWK,chrX,2452743,-2.16766,-6.2188,6.2188
LWK,chrX,2452822,-2.16766,-6.2188,6.2188
LWK,chrX,2454627,-2.16766,-6.2188,6.2188
LWK,chrX,2475305,-2.58351,-8.49076,8.49076
LWK,chrX,2475354,-1.57838,-6.01678,6.01678
LWK,chrX,2475360,-1.57838,-6.01678,6.01678
LWK,chrX,2475395,-1.57838,-6.01678,6.01678
LWK,chrX,2475404,-1.57838,-6.01678,6.01678
LWK,chrX,2475443,-1.57838,-6.01678,6.01678
LWK,chrX,2475455,-1.57838,-6.01678,6.01678
LWK,chrX,2475491,-1.57838,-6.01678,6.01678
LWK,chrX,2475494,-1.57838,-6.01678,6.01678
LWK,chrX,155785939,-1.30346,-6.05888,6.05888
LWK,chrX,155990182,-0.824143,-6.1158,6.1158
LWK,chrX,155999338,-1.38735,-6.62766,6.62766
LWK,chrX,155999818,-1.38735,-7.34235,7.34235
MSL,chrX,558765,-1.54629,-6.46957,6.46957
MSL,chrX,558829,-2.33246,-6.89558,6.89558
MSL,chrX,558839,-2.33246,-6.89558,6.89558
MSL,chrX,561118,-3.0071,-7.3442,7.3442
MSL,chrX,561636,-2.50553,-6.9934,6.9934
MSL,chrX,561682,-1.79463,-6.899,6.899
MSL,chrX,561873,-2.16933,-7.28646,7.28646
MSL,chrX,562068,-2.16933,-7.28646,7.28646
MSL,chrX,562092,-2.16933,-7.28646,7.28646
MSL,chrX,571732,-2.07659,-6.54634,6.54634
MSL,chrX,791396,-0.837013,-6.30049,6.30049
MSL,chrX,808623,-0.891146,-7.51609,7.51609
MSL,chrX,808692,-1.06145,-6.09623,6.09623
MSL,chrX,944002,-1.34762,-7.04061,7.04061
MSL,chrX,945709,-1.34762,-7.04061,7.04061
MSL,chrX,947451,-1.90646,-6.06377,6.06377
MSL,chrX,947460,-1.90646,-6.06377,6.06377
MSL,chrX,947469,-1.90646,-6.06377,6.06377
MSL,chrX,947470,-1.90646,-6.06377,6.06377
MSL,chrX,950198,-1.86371,-7.25887,7.25887
MSL,chrX,950543,-1.86371,-7.25887,7.25887
MSL,chrX,950555,-1.86371,-7.25887,7.25887
MSL,chrX,952772,-0.495426,-6.90667,6.90667
MSL,chrX,959750,-1.64461,-6.67159,6.67159
MSL,chrX,969209,-0.262745,-6.15775,6.15775
MSL,chrX,981487,-1.35716,-6.54179,6.54179
MSL,chrX,981839,-0.899381,-6.03874,6.03874
MSL,chrX,981882,-0.899381,-6.03874,6.03874
MSL,chrX,981998,-1.19718,-7.02202,7.02202
MSL,chrX,991691,-1.0083,-6.75376,6.75376
MSL,chrX,998394,-1.21505,-6.27428,6.27428
MSL,chrX,998404,-1.21505,-6.27428,6.27428
MSL,chrX,1062215,-1.2691,-6.81035,6.81035
MSL,chrX,1246344,-0.956508,-7.89278,7.89278
MSL,chrX,1249216,-0.77578,-7.55381,7.55381
MSL,chrX,1357679,-2.65141,-6.08752,6.08752
MSL,chrX,1411335,-1.81227,-6.16875,6.16875
MSL,chrX,1422435,-1.45577,-6.02351,6.02351
MSL,chrX,1422437,-1.45577,-6.02351,6.02351
MSL,chrX,1422447,-1.45577,-6.02351,6.02351
MSL,chrX,1422512,-1.45577,-6.02351,6.02351
MSL,chrX,1422550,-1.45577,-6.02351,6.02351
MSL,chrX,1422631,-1.45577,-6.02351,6.02351
MSL,chrX,1445633,-0.423095,-6.14596,6.14596
MSL,chrX,1461393,-9.87491,-7.56844,7.56844
MSL,chrX,1461418,-9.87491,-7.56844,7.56844
MSL,chrX,1478375,-1.44639,-6.62639,6.62639
MSL,chrX,1565481,-0.646164,-8.5488,8.5488
MSL,chrX,1598378,-1.90591,-6.20097,6.20097
MSL,chrX,1623054,-1.00923,-6.56935,6.56935
MSL,chrX,1623744,-0.656494,-6.56935,6.56935
MSL,chrX,1647683,-0.836915,-8.5488,8.5488
MSL,chrX,2474468,-1.68935,-6.36988,6.36988
MSL,chrX,2474470,-1.68935,-6.36988,6.36988
MSL,chrX,2767094,-1.8151,-6.59994,6.59994
MXL,chrX,521732,-1.00949,-6.45518,6.45518
MXL,chrX,565216,-1.21814,-8.04651,8.04651
MXL,chrX,575231,-1.89247,-6.21851,6.21851
MXL,chrX,575730,-0.999428,-7.47095,7.47095
MXL,chrX,635636,-1.69329,-7.08888,7.08888
MXL,chrX,660722,-0.807173,-6.44122,6.44122
MXL,chrX,660736,-0.807173,-6.44122,6.44122
MXL,chrX,660743,-0.905193,-7.42539,7.42539
MXL,chrX,661436,-1.392,-7.26188,7.26188
MXL,chrX,682859,-0.672382,-6.30965,6.30965
MXL,chrX,914918,-2.23846,-6.77417,6.77417
MXL,chrX,915352,-2.23846,-6.77417,6.77417
MXL,chrX,915622,-2.23846,-6.77417,6.77417
MXL,chrX,920268,-2.73077,-7.81189,7.81189
MXL,chrX,920280,-2.73077,-7.81189,7.81189
MXL,chrX,944261,-4.06005,-7.94182,7.94182
MXL,chrX,946325,-4.06005,-7.94182,7.94182
MXL,chrX,946352,-4.06005,-7.94182,7.94182
MXL,chrX,946659,-4.06005,-7.94182,7.94182
MXL,chrX,979981,-1.85274,-6.49385,6.49385
MXL,chrX,1068892,-1.11761,-6.11716,6.11716
MXL,chrX,1096088,-1.30985,-7.47095,7.47095
MXL,chrX,1103656,-1.31044,-7.84883,7.84883
MXL,chrX,1136242,-4.39797,-6.35471,6.35471
MXL,chrX,1156476,-1.95847,-6.01574,6.01574
MXL,chrX,1270685,-1.64454,-6.45518,6.45518
MXL,chrX,1354354,-1.00806,-8.08436,8.08436
MXL,chrX,1354393,-1.00806,-8.08436,8.08436
MXL,chrX,1354508,-1.00806,-8.08436,8.08436
MXL,chrX,1356428,-1.24214,-7.81189,7.81189
MXL,chrX,1360139,-1.15006,-7.01511,7.01511
MXL,chrX,1385385,-5.14599,-7.69361,7.69361
MXL,chrX,1599467,-1.99506,-7.51915,7.51915
MXL,chrX,1599754,-2.11373,-6.13278,6.13278
PEL,chrX,575178,-0.745603,-6.50916,6.50916
PEL,chrX,635661,-2.04533,-6.61696,6.61696
PEL,chrX,657876,-3.70744,-7.48384,7.48384
PEL,chrX,704670,-2.51595,-7.05014,7.05014
PEL,chrX,718786,-1.2333,-6.65892,6.65892
PEL,chrX,718862,-1.2333,-6.65892,6.65892
PEL,chrX,720993,-3.61304,-10.4571,10.4571
PEL,chrX,721029,-4.44507,-10.1598,10.1598
PEL,chrX,721274,-4.45867,-11.9166,11.9166
PEL,chrX,721352,-1.35358,-6.04217,6.04217
PEL,chrX,812835,-0.887658,-7.04787,7.04787
PEL,chrX,813188,-0.802086,-6.64979,6.64979
PEL,chrX,830669,-2.12087,-8.08207,8.08207
PEL,chrX,832709,-2.12087,-8.08207,8.08207
PEL,chrX,832751,-2.12087,-8.08207,8.08207
PEL,chrX,832840,-2.0454,-6.05187,6.05187
PEL,chrX,860991,-3.70744,-6.25251,6.25251
PEL,chrX,883851,-2.62893,-6.95841,6.95841
PEL,chrX,883910,-3.16075,-6.52687,6.52687
PEL,chrX,889597,-3.10524,-6.11516,6.11516
PEL,chrX,889941,-3.10524,-6.11516,6.11516
PEL,chrX,914918,-0.777175,-7.53522,7.53522
PEL,chrX,915352,-0.777175,-7.53522,7.53522
PEL,chrX,915622,-0.785734,-8.8309,8.8309
PEL,chrX,915966,-0.777175,-7.53522,7.53522
PEL,chrX,920250,-1.0851,-7.70039,7.70039
PEL,chrX,920268,-0.831391,-7.00862,7.00862
PEL,chrX,980568,-1.278,-6.27275,6.27275
PEL,chrX,998394,-1.01379,-6.79517,6.79517
PEL,chrX,998404,-1.01379,-6.79517,6.79517
PEL,chrX,1093476,-1.1719,-6.89908,6.89908
PEL,chrX,1098714,-1.06196,-6.54483,6.54483
PEL,chrX,1103446,-1.2235,-6.10592,6.10592
PEL,chrX,1103650,-1.2235,-6.10592,6.10592
PEL,chrX,1103656,-1.30742,-7.74715,7.74715
PEL,chrX,1138175,-1.20791,-6.17619,6.17619
PEL,chrX,1147523,-1.53623,-7.46922,7.46922
PEL,chrX,1152632,-1.54642,-6.23537,6.23537
PEL,chrX,1199934,-1.9678,-7.06065,7.06065
PEL,chrX,1200936,-1.9678,-7.06065,7.06065
PEL,chrX,1201052,-2.20807,-7.82708,7.82708
PEL,chrX,1201063,-2.20807,-7.82708,7.82708
PEL,chrX,1201096,-2.20807,-7.82708,7.82708
PEL,chrX,1201150,-2.20807,-7.82708,7.82708
PEL,chrX,1201217,-2.20807,-7.82708,7.82708
PEL,chrX,1201242,-2.20807,-7.82708,7.82708
PEL,chrX,1201317,-2.20807,-7.82708,7.82708
PEL,chrX,1201384,-2.20807,-7.82708,7.82708
PEL,chrX,1201658,-3.26101,-11.3941,11.3941
PEL,chrX,1202209,-3.26101,-11.3941,11.3941
PEL,chrX,1270478,-1.91772,-8.26821,8.26821
PEL,chrX,1270579,-1.91772,-8.26821,8.26821
PEL,chrX,1270685,-1.91772,-8.26821,8.26821
PEL,chrX,1360139,-0.167716,-8.37443,8.37443
PEL,chrX,1381505,-3.72567,-6.97148,6.97148
PEL,chrX,1594275,-1.77672,-6.66044,6.66044
PEL,chrX,1599467,-1.52759,-7.67712,7.67712
PEL,chrX,1611444,-1.03803,-6.004,6.004
PEL,chrX,155988327,-1.16339,-7.00862,7.00862
PEL,chrX,155988627,-1.16339,-7.00862,7.00862
PEL,chrX,155988752,-1.16339,-7.00862,7.00862
PEL,chrX,155988872,-1.16339,-7.00862,7.00862
PEL,chrX,155989178,-1.16339,-7.00862,7.00862
PEL,chrX,155989745,-1.16339,-7.00862,7.00862
PEL,chrX,155990182,-1.16339,-7.00862,7.00862
PEL,chrX,155991196,-1.16339,-7.00862,7.00862
PEL,chrX,155991329,-1.16339,-7.00862,7.00862
PEL,chrX,155992667,-1.16339,-7.00862,7.00862
PJL,chrX,288633,-0.647088,-6.26564,6.26564
PJL,chrX,565216,-2.46719,-12.6941,12.6941
PJL,chrX,571732,-1.12484,-7.93471,7.93471
PJL,chrX,574428,-1.44121,-6.79016,6.79016
PJL,chrX,575326,-1.24716,-6.08539,6.08539
PJL,chrX,575730,-1.32656,-6.46281,6.46281
PJL,chrX,631191,-1.6843,-7.37091,7.37091
PJL,chrX,718786,-0.642852,-6.21253,6.21253
PJL,chrX,718862,-0.642852,-6.21253,6.21253
PJL,chrX,730278,-2.81139,-7.67912,7.67912
PJL,chrX,731568,-2.73418,-7.30139,7.30139
PJL,chrX,883811,-2.19453,-6.74489,6.74489
PJL,chrX,883851,-2.27237,-6.14037,6.14037
PJL,chrX,883882,-1.25562,-6.05095,6.05095
PJL,chrX,883910,-1.13963,-6.73498,6.73498
PJL,chrX,886586,-1.26919,-8.91109,8.91109
PJL,chrX,890806,-1.45581,-6.00822,6.00822
PJL,chrX,891904,-1.77567,-8.29768,8.29768
PJL,chrX,895075,-1.93356,-7.40942,7.40942
PJL,chrX,896561,-1.93356,-7.40942,7.40942
PJL,chrX,897491,-1.93356,-7.40942,7.40942
PJL,chrX,897556,-1.93356,-7.40942,7.40942
PJL,chrX,898415,-2.80753,-11.0689,11.0689
PJL,chrX,914918,-1.54506,-11.5305,11.5305
PJL,chrX,915352,-1.54506,-11.5305,11.5305
PJL,chrX,915622,-1.54506,-11.5305,11.5305
PJL,chrX,915966,-1.70081,-10.7126,10.7126
PJL,chrX,916135,-2.02846,-10.4273,10.4273
PJL,chrX,917194,-3.51444,-8.85478,8.85478
PJL,chrX,917321,-2.54815,-10.3921,10.3921
PJL,chrX,920250,-2.51789,-8.96247,8.96247
PJL,chrX,970358,-2.32984,-7.62718,7.62718
PJL,chrX,975067,-1.18053,-6.26801,6.26801
PJL,chrX,980568,-3.09143,-9.28289,9.28289
PJL,chrX,981487,-3.09143,-9.28289,9.28289
PJL,chrX,981839,-3.09143,-9.28289,9.28289
PJL,chrX,981882,-3.09143,-9.28289,9.28289
PJL,chrX,981998,-3.09143,-9.28289,9.28289
PJL,chrX,1093454,-1.48479,-6.96667,6.96667
PJL,chrX,1241747,-3.11997,-8.95715,8.95715
PJL,chrX,1268954,-0.799413,-9.67433,9.67433
PJL,chrX,1270478,-1.5503,-10.1578,10.1578
PJL,chrX,1270579,-1.5503,-10.1578,10.1578
PJL,chrX,1270685,-1.5503,-10.1578,10.1578
PJL,chrX,1272452,-0.725921,-6.69804,6.69804
PJL,chrX,1273451,-0.956041,-7.49117,7.49117
PJL,chrX,1274906,-1.60532,-11.3904,11.3904
PJL,chrX,1279363,-0.53186,-6.24635,6.24635
PJL,chrX,1279365,-0.53186,-6.24635,6.24635
PJL,chrX,1346644,-1.33752,-7.32852,7.32852
PJL,chrX,1347587,-1.58401,-6.16777,6.16777
PJL,chrX,1354354,-2.23176,-13.5448,13.5448
PJL,chrX,1354393,-2.23176,-13.5448,13.5448
PJL,chrX,1354508,-2.23176,-13.5448,13.5448
PJL,chrX,1475713,-1.19334,-6.56219,6.56219
PJL,chrX,1476631,-1.19334,-6.56219,6.56219
PJL,chrX,1586882,-1.34154,-6.48012,6.48012
PJL,chrX,1591176,-0.834087,-7.81247,7.81247
PJL,chrX,1592272,-0.844098,-6.91162,6.91162
PJL,chrX,1595720,-1.46531,-9.32719,9.32719
PJL,chrX,1599115,-1.48252,-8.71773,8.71773
PJL,chrX,1599467,-1.0601,-8.21667,8.21667
PJL,chrX,1599754,-1.0601,-8.21667,8.21667
PJL,chrX,1601004,-2.60456,-7.72522,7.72522
PJL,chrX,1601928,-2.69278,-6.97418,6.97418
PJL,chrX,1609502,-1.81155,-7.41667,7.41667
PJL,chrX,1627957,-1.50491,-7.09026,7.09026
PJL,chrX,1643665,-0.82373,-6.88044,6.88044
PJL,chrX,1646081,-0.86949,-6.78063,6.78063
PJL,chrX,1646312,-0.86949,-6.78063,6.78063
PJL,chrX,1646442,-0.86949,-6.78063,6.78063
PJL,chrX,1646510,-0.86949,-6.78063,6.78063
PJL,chrX,155993566,-1.59579,-6.20776,6.20776
PJL,chrX,155994040,-1.59579,-6.20776,6.20776
PJL,chrX,155997942,-1.59063,-7.18694,7.18694
PJL,chrX,155998966,-2.23988,-7.63869,7.63869
PUR,chrX,331082,-0.917987,-6.95671,6.95671
PUR,chrX,331154,-0.917987,-6.95671,6.95671
PUR,chrX,392029,-0.852155,-6.36014,6.36014
PUR,chrX,413532,-2.06433,-6.87064,6.87064
PUR,chrX,518013,-2.57418,-7.03926,7.03926
PUR,chrX,565216,-0.430413,-6.31594,6.31594
PUR,chrX,571732,-1.80019,-6.15901,6.15901
PUR,chrX,575730,-1.55716,-6.35846,6.35846
PUR,chrX,576444,-1.73493,-6.30871,6.30871
PUR,chrX,635636,-1.04296,-6.07397,6.07397
PUR,chrX,637576,-1.1322,-6.99687,6.99687
PUR,chrX,660722,-1.60455,-8.05138,8.05138
PUR,chrX,718786,-1.76557,-7.33437,7.33437
PUR,chrX,718862,-1.95812,-7.19787,7.19787
PUR,chrX,718983,-1.87663,-7.70406,7.70406
PUR,chrX,719764,-1.87736,-6.60469,6.60469
PUR,chrX,808623,-1.25344,-6.74402,6.74402
PUR,chrX,808692,-1.25344,-6.74402,6.74402
PUR,chrX,824136,-0.518875,-6.18361,6.18361
PUR,chrX,824225,-0.518875,-6.18361,6.18361
PUR,chrX,828401,-0.463104,-6.21545,6.21545
PUR,chrX,914918,-2.1854,-6.351,6.351
PUR,chrX,915352,-2.1854,-6.351,6.351
PUR,chrX,915622,-2.31669,-7.17427,7.17427
PUR,chrX,1064604,-1.56768,-6.8581,6.8581
PUR,chrX,1064614,-1.71721,-7.75029,7.75029
PUR,chrX,1064650,-1.71721,-7.75029,7.75029
PUR,chrX,1091702,-2.9038,-7.32487,7.32487
PUR,chrX,1091970,-2.9038,-7.32487,7.32487
PUR,chrX,1249129,-3.21059,-8.59255,8.59255
PUR,chrX,1249175,-3.21059,-8.59255,8.59255
PUR,chrX,1316694,-0.993425,-6.02847,6.02847
PUR,chrX,1352245,-1.96016,-6.99997,6.99997
PUR,chrX,1352649,-1.96016,-6.99997,6.99997
PUR,chrX,1352724,-1.96016,-6.99997,6.99997
PUR,chrX,1352731,-1.96016,-6.99997,6.99997
PUR,chrX,1354354,-2.26159,-7.43923,7.43923
PUR,chrX,1354393,-1.96016,-6.99997,6.99997
PUR,chrX,1354508,-1.96016,-6.99997,6.99997
PUR,chrX,1357679,-1.82818,-7.91149,7.91149
PUR,chrX,1360139,-0.413252,-6.25263,6.25263
PUR,chrX,1368251,-1.93599,-6.15445,6.15445
PUR,chrX,1392435,-5.18339,-6.79233,6.79233
PUR,chrX,1444109,-1.1948,-6.81906,6.81906
PUR,chrX,1590887,-1.08224,-7.2198,7.2198
PUR,chrX,1590894,-1.05994,-7.60763,7.60763
PUR,chrX,1591176,-1.15024,-8.33344,8.33344
PUR,chrX,1592272,-3.65867,-6.81859,6.81859
PUR,chrX,1594128,-2.36255,-7.36957,7.36957
PUR,chrX,1594275,-2.36255,-7.36957,7.36957
PUR,chrX,1599467,-2.75394,-9.33458,9.33458
PUR,chrX,1599754,-3.08656,-7.26439,7.26439
PUR,chrX,1601928,-3.00798,-6.02088,6.02088
PUR,chrX,1609502,-2.33239,-9.27157,9.27157
PUR,chrX,1647683,-1.38914,-7.15148,7.15148
PUR,chrX,1647976,-2.55565,-6.56315,6.56315
PUR,chrX,2764227,-1.18669,-6.3929,6.3929
PUR,chrX,155711109,-0.954899,-6.32464,6.32464
PUR,chrX,155977555,-1.68925,-7.9841,7.9841
PUR,chrX,155977604,-1.74835,-7.87413,7.87413
PUR,chrX,155977921,-1.30706,-6.23195,6.23195
PUR,chrX,155978608,-1.24812,-7.9841,7.9841
PUR,chrX,155979201,-0.826719,-7.30276,7.30276
PUR,chrX,155979547,-0.826719,-7.30276,7.30276
PUR,chrX,155982128,-0.826719,-7.30276,7.30276
STU,chrX,419413,-1.3348,-6.6222,6.6222
STU,chrX,419509,-1.3348,-6.6222,6.6222
STU,chrX,454525,-1.49337,-7.95711,7.95711
STU,chrX,455547,-1.84557,-7.74568,7.74568
STU,chrX,455579,-1.84557,-7.74568,7.74568
STU,chrX,455613,-1.84557,-7.74568,7.74568
STU,chrX,469063,-1.84917,-6.12082,6.12082
STU,chrX,500427,-1.95751,-7.60535,7.60535
STU,chrX,517118,-1.6892,-7.239,7.239
STU,chrX,517133,-1.6892,-7.239,7.239
STU,chrX,571732,-1.7268,-6.02363,6.02363
STU,chrX,661436,-1.7034,-7.07343,7.07343
STU,chrX,704463,-0.94501,-6.51839,6.51839
STU,chrX,704859,-1.15978,-7.38187,7.38187
STU,chrX,704940,-1.31156,-6.33218,6.33218
STU,chrX,705084,-1.67618,-7.95966,7.95966
STU,chrX,705159,-1.43497,-7.38187,7.38187
STU,chrX,705191,-1.43497,-7.38187,7.38187
STU,chrX,705482,-1.43497,-7.38187,7.38187
STU,chrX,804305,-3.34611,-7.31578,7.31578
STU,chrX,853459,-2.29335,-7.36269,7.36269
STU,chrX,861671,-2.98325,-6.03446,6.03446
STU,chrX,883811,-1.39957,-6.90222,6.90222
STU,chrX,883851,-1.15944,-6.25678,6.25678
STU,chrX,883910,-2.10793,-10.0319,10.0319
STU,chrX,885378,-2.75346,-6.22718,6.22718
STU,chrX,889597,-3.41359,-6.82311,6.82311
STU,chrX,889651,-3.31667,-8.0982,8.0982
STU,chrX,889941,-3.41359,-6.82311,6.82311
STU,chrX,890391,-3.31667,-8.0982,8.0982
STU,chrX,890459,-3.31667,-8.0982,8.0982
STU,chrX,890806,-4.01113,-7.69558,7.69558
STU,chrX,891904,-3.31667,-8.0982,8.0982
STU,chrX,895075,-2.28879,-8.42321,8.42321
STU,chrX,896561,-2.28879,-8.42321,8.42321
STU,chrX,897491,-2.68928,-9.61596,9.61596
STU,chrX,897556,-2.42092,-9.2891,9.2891
STU,chrX,897625,-1.67423,-7.28333,7.28333
STU,chrX,898415,-2.28393,-10.5063,10.5063
STU,chrX,915966,-2.97442,-12.4507,12.4507
STU,chrX,916135,-2.74668,-6.33218,6.33218
STU,chrX,916789,-2.80457,-6.43152,6.43152
STU,chrX,917194,-1.54349,-7.22242,7.22242
STU,chrX,920250,-2.01943,-6.43097,6.43097
STU,chrX,920268,-3.97299,-7.2564,7.2564
STU,chrX,920377,-1.9369,-6.74097,6.74097
STU,chrX,943242,-4.11172,-8.32884,8.32884
STU,chrX,943555,-5.59063,-10.2724,10.2724
STU,chrX,943717,-5.59063,-10.2724,10.2724
STU,chrX,979981,-2.53862,-6.49752,6.49752
STU,chrX,1002155,-0.934097,-6.12,6.12
STU,chrX,1047316,-1.69561,-8.08963,8.08963
STU,chrX,1047558,-1.69561,-8.08963,8.08963
STU,chrX,1048968,-1.79935,-8.28573,8.28573
STU,chrX,1098714,-1.8113,-7.39681,7.39681
STU,chrX,1098785,-1.64298,-8.2648,8.2648
STU,chrX,1099341,-0.872291,-6.54075,6.54075
STU,chrX,1105572,-5.87406,-12.112,12.112
STU,chrX,1156476,-1.23523,-6.48514,6.48514
STU,chrX,1234114,-3.85889,-6.63147,6.63147
STU,chrX,1241747,-1.60945,-10.1978,10.1978
STU,chrX,1250933,-5.62332,-6.46699,6.46699
STU,chrX,1274906,-1.15978,-6.53319,6.53319
STU,chrX,1279363,-0.786606,-6.41525,6.41525
STU,chrX,1279365,-0.786606,-6.41525,6.41525
STU,chrX,1315856,-1.15018,-7.35914,7.35914
STU,chrX,1356428,-1.21853,-6.23312,6.23312
STU,chrX,1359575,-1.79334,-6.43345,6.43345
STU,chrX,1380877,-2.02327,-10.9814,10.9814
STU,chrX,1380942,-1.80453,-9.62667,9.62667
STU,chrX,1380985,-1.80453,-9.62667,9.62667
STU,chrX,1388051,-0.731931,-7.07721,7.07721
STU,chrX,1541077,-0.929643,-6.66737,6.66737
STU,chrX,1586882,-1.71424,-9.26906,9.26906
STU,chrX,1590887,-1.17451,-6.21106,6.21106
STU,chrX,1590894,-1.07723,-7.83312,7.83312
STU,chrX,1591176,-4.1102,-12.2281,12.2281
STU,chrX,1594128,-3.84767,-12.7488,12.7488
STU,chrX,1594275,-3.84767,-12.7488,12.7488
STU,chrX,1595720,-3.84767,-12.7488,12.7488
STU,chrX,1603154,-0.580466,-6.1742,6.1742
STU,chrX,1623744,-0.559084,-6.0947,6.0947
STU,chrX,1627957,-1.569,-6.05346,6.05346
STU,chrX,155790407,-0.772955,-6.00215,6.00215
TSI,chrX,288633,-2.57896,-8.30078,8.30078
TSI,chrX,288706,-5.58947,-6.36274,6.36274
TSI,chrX,289428,-4.06446,-6.40808,6.40808
TSI,chrX,333769,-1.99875,-6.31957,6.31957
TSI,chrX,337584,-0.95544,-6.64907,6.64907
TSI,chrX,337616,-0.95544,-6.64907,6.64907
TSI,chrX,337766,-0.95544,-6.64907,6.64907
TSI,chrX,337800,-0.95544,-6.64907,6.64907
TSI,chrX,369146,-1.81742,-6.02432,6.02432
TSI,chrX,369205,-1.81742,-6.02432,6.02432
TSI,chrX,369359,-2.16823,-7.0112,7.0112
TSI,chrX,419509,-0.527054,-6.04482,6.04482
TSI,chrX,518013,-2.52947,-6.04929,6.04929
TSI,chrX,571732,-1.23652,-8.56253,8.56253
TSI,chrX,574428,-1.51036,-6.72389,6.72389
TSI,chrX,575730,-0.953023,-7.82642,7.82642
TSI,chrX,637039,-0.92943,-6.28565,6.28565
TSI,chrX,655912,-1.89682,-7.79417,7.79417
TSI,chrX,660722,-1.7335,-7.94036,7.94036
TSI,chrX,660736,-1.82701,-9.46051,9.46051
TSI,chrX,660743,-0.973941,-6.4889,6.4889
TSI,chrX,661436,-1.14998,-9.66584,9.66584
TSI,chrX,701944,-2.35631,-6.769,6.769
TSI,chrX,730278,-1.45223,-6.91978,6.91978
TSI,chrX,731568,-1.80251,-7.17413,7.17413
TSI,chrX,732408,-0.910059,-7.34822,7.34822
TSI,chrX,733215,-0.956654,-6.61097,6.61097
TSI,chrX,824136,-1.57484,-6.89419,6.89419
TSI,chrX,824225,-1.57484,-6.89419,6.89419
TSI,chrX,830669,-2.55731,-8.29942,8.29942
TSI,chrX,831545,-2.11585,-6.52613,6.52613
TSI,chrX,832011,-2.11585,-6.52613,6.52613
TSI,chrX,832709,-2.56343,-8.39222,8.39222
TSI,chrX,832751,-1.69589,-8.12327,8.12327
TSI,chrX,832840,-2.56343,-8.39222,8.39222
TSI,chrX,914918,-1.83794,-6.1531,6.1531
TSI,chrX,915352,-1.83794,-6.1531,6.1531
TSI,chrX,915622,-1.83794,-6.1531,6.1531
TSI,chrX,969623,-2.21288,-7.67198,7.67198
TSI,chrX,970067,-2.77885,-7.57146,7.57146
TSI,chrX,975067,-1.82259,-6.16214,6.16214
TSI,chrX,1003019,-2.09463,-8.1274,8.1274
TSI,chrX,1096088,-1.60944,-6.98654,6.98654
TSI,chrX,1096291,-1.63889,-7.23808,7.23808
TSI,chrX,1096319,-2.26098,-6.20838,6.20838
TSI,chrX,1096900,-3.13275,-9.96495,9.96495
TSI,chrX,1098714,-2.4148,-11.5117,11.5117
TSI,chrX,1098785,-3.13275,-9.96495,9.96495
TSI,chrX,1155617,-2.1724,-9.77548,9.77548
TSI,chrX,1232867,-1.10849,-8.6977,8.6977
TSI,chrX,1268954,-1.17488,-6.7851,6.7851
TSI,chrX,1270685,-0.835738,-7.68627,7.68627
TSI,chrX,1274906,-1.65831,-6.55407,6.55407
TSI,chrX,1347587,-1.51189,-6.17999,6.17999
TSI,chrX,1352245,-0.635731,-6.16845,6.16845
TSI,chrX,1352649,-0.635731,-6.16845,6.16845
TSI,chrX,1352724,-0.635731,-6.16845,6.16845
TSI,chrX,1352731,-0.635731,-6.16845,6.16845
TSI,chrX,1354354,-3.77653,-9.31246,9.31246
TSI,chrX,1354393,-3.32212,-6.40251,6.40251
TSI,chrX,1354508,-3.32212,-6.40251,6.40251
TSI,chrX,1438387,-4.38257,-6.93689,6.93689
TSI,chrX,1438411,-4.38257,-6.93689,6.93689
TSI,chrX,1438414,-4.38257,-6.93689,6.93689
TSI,chrX,1451751,-0.566811,-6.20492,6.20492
TSI,chrX,1467051,-0.685733,-6.0418,6.0418
TSI,chrX,1467056,-0.685733,-6.0418,6.0418
TSI,chrX,1592272,-2.97166,-8.00835,8.00835
TSI,chrX,1594128,-2.45534,-7.49088,7.49088
TSI,chrX,1594275,-2.45534,-7.49088,7.49088
TSI,chrX,1595720,-0.867747,-6.82551,6.82551
TSI,chrX,1599467,-2.43145,-8.98232,8.98232
TSI,chrX,1599754,-0.820783,-7.02713,7.02713
TSI,chrX,1601004,-1.22613,-7.14932,7.14932
TSI,chrX,1601928,-1.23428,-7.46692,7.46692
TSI,chrX,1609502,-1.48151,-9.54336,9.54336
TSI,chrX,1610913,-1.07764,-6.74284,6.74284
TSI,chrX,1611353,-2.01332,-12.9423,12.9423
YRI,chrX,558829,-0.662098,-6.23472,6.23472
YRI,chrX,558839,-0.662098,-6.23472,6.23472
YRI,chrX,730278,-0.634762,-6.04069,6.04069
YRI,chrX,941947,-2.20517,-6.23994,6.23994
YRI,chrX,945709,-0.914777,-8.03198,8.03198
YRI,chrX,965605,-2.3387,-7.2035,7.2035
YRI,chrX,980568,-0.661057,-7.21053,7.21053
YRI,chrX,981487,-1.22067,-7.27234,7.27234
YRI,chrX,981839,-0.527568,-8.01884,8.01884
YRI,chrX,981882,-0.527568,-8.01884,8.01884
YRI,chrX,981998,-1.09052,-8.62738,8.62738
YRI,chrX,986504,-2.2312,-6.51369,6.51369
YRI,chrX,989254,-1.15259,-7.57843,7.57843
YRI,chrX,991691,-1.45463,-7.18679,7.18679
YRI,chrX,993855,-0.34873,-6.998,6.998
YRI,chrX,1007424,-2.47429,-7.7639,7.7639
YRI,chrX,1007801,-2.42911,-7.52503,7.52503
YRI,chrX,1025683,-1.27577,-8.17593,8.17593
YRI,chrX,1062215,-2.5103,-6.33154,6.33154
YRI,chrX,1065491,-0.172471,-7.94757,7.94757
YRI,chrX,1074475,-0.885042,-7.63689,7.63689
YRI,chrX,1074984,-0.881558,-6.48298,6.48298
YRI,chrX,1076933,-0.618721,-6.45174,6.45174
YRI,chrX,1098714,-0.546115,-7.11629,7.11629
YRI,chrX,1098785,-1.20062,-7.74187,7.74187
YRI,chrX,1246344,-0.747554,-7.21053,7.21053
YRI,chrX,1246851,-0.747554,-7.21053,7.21053
YRI,chrX,1279758,-1.37845,-7.68775,7.68775
YRI,chrX,1387425,-2.25015,-6.96651,6.96651
YRI,chrX,1485926,-1.55158,-6.10258,6.10258
YRI,chrX,1518557,-0.740113,-6.95314,6.95314
YRI,chrX,1523758,-1.41935,-6.23994,6.23994
YRI,chrX,1524301,-1.06367,-7.78035,7.78035
YRI,chrX,1525359,-0.787164,-7.24516,7.24516
YRI,chrX,2475079,-1.2753,-9.69492,9.69492
YRI,chrX,2475087,-1.33202,-11.9369,11.9369
YRI,chrX,2475100,-1.33202,-11.9369,11.9369
YRI,chrX,2475115,-1.33202,-11.9369,11.9369
YRI,chrX,2475121,-1.33202,-11.9369,11.9369
YRI,chrX,2475123,-1.33202,-11.9369,11.9369
YRI,chrX,2475140,-1.33202,-11.9369,11.9369
YRI,chrX,2475175,-1.33202,-11.9369,11.9369
YRI,chrX,2475176,-1.33202,-11.9369,11.9369
YRI,chrX,2475198,-1.2753,-9.69492,9.69492
YRI,chrX,2475305,-1.28851,-6.564,6.564
YRI,chrX,2763891,-1.71019,-6.07054,6.07054
YRI,chrX,155788233,-1.67567,-7.2035,7.2035
