region_id	chr	start	end	size_kb	n_snps	max_abs_std_ihs	direction	peak_location	peak_std_ihs
1	22	20418267	20756275	338.01	104	8.0369	negative	22:20572639:G:GC	8.0369
2	22	46886068	47513075	627.01	96	7.377	positive	22:47192368:T:C	7.377
3	22	23702110	24023680	321.57	54	6.6873	negative	22:24003036:A:G	-6.6873
4	22	48349178	48640828	291.65	101	6.565	negative	22:48584953:C:T	-6.565
5	22	32161952	33567804	1405.85	400	6.4926	negative	22:32454362:G:A	6.4926
6	22	37528676	38495248	966.57	169	6.3231	negative	22:37576247:G:T	-6.3231
7	22	48767661	50229430	1461.77	371	6.1946	negative	22:50045421:T:C	-6.1946
8	22	24817138	26590911	1773.77	444	6.1146	negative	22:24837589:C:CG	-6.1146
9	22	45528732	46488410	959.68	312	6.1013	negative	22:46385778:C:T	6.1013
10	22	45188031	45372716	184.68	37	6.0856	negative	22:45209004:G:A	-6.0856
11	22	33794808	35643572	1848.76	542	6.0668	negative	22:33844649:G:A	-6.0668
12	22	21567005	22082714	515.71	181	6.0388	negative	22:22055863:G:GTTTTTTTTT	-6.0388
13	22	22437817	22628748	190.93	95	6.0138	negative	22:22532432:A:G	6.0138
14	22	27819525	27891477	71.95	41	5.8103	negative	22:27823554:T:G	-5.8103
15	22	44738668	45063213	324.54	54	5.6767	negative	22:44738668:C:T	-5.6767
16	22	17208445	18158936	950.49	204	5.6614	negative	22:17585653:T:A	5.6614
17	22	20885820	21138744	252.92	46	5.6354	negative	22:21138744:A:G	5.6354
18	22	47652045	47991189	339.14	128	5.5745	negative	22:47785720:G:C	5.5745
19	22	39905476	40093663	188.19	12	5.5199	negative	22:39909639:C:A	5.5199
20	22	30036414	30867857	831.44	201	5.4351	negative	22:30830887:C:CAAA	-5.4351
21	22	19849618	20129071	279.45	102	5.4181	negative	22:20124820:T:TC	-5.4181
22	22	18967347	19587644	620.3	115	5.3803	negative	22:19185326:C:CT	-5.3803
23	22	20273035	20273208	0.17	2	5.3132	positive	22:20273035:GGGCAGGGAA:G	5.3132
24	22	22319772	22336924	17.15	26	5.2989	negative	22:22323311:G:A	-5.2989
25	22	38885631	38929369	43.74	146	5.217	negative	22:38885631:A:G	-5.217
26	22	28637470	29904597	1267.13	300	5.1533	negative	22:29751221:G:A	-5.1533
27	22	26951439	27389590	438.15	34	4.99	negative	22:27370797:G:A	-4.99
28	22	35801428	37268610	1467.18	167	4.9585	negative	22:36032340:C:T	-4.9585
29	22	22899287	23046282	147.0	29	4.9323	negative	22:22899788:T:A	4.9323
30	22	42225001	42616298	391.3	79	4.8851	negative	22:42323318:G:GGGTGGC	-4.8851
31	22	42727731	44146178	1418.45	282	4.8608	negative	22:43660064:A:G	-4.8608
32	22	31006437	32046789	1040.35	180	4.8518	negative	22:31828687:G:A	-4.8518
33	22	41210391	41621056	410.66	82	4.6579	negative	22:41256328:C:T	-4.6579
34	22	44249567	44630624	381.06	67	4.4932	negative	22:44610950:T:C	4.4932
35	22	22185635	22193851	8.22	9	4.4437	negative	22:22185882:T:C	-4.4437
36	22	24299465	24299473	0.01	2	4.4274	negative	22:24299473:T:C	-4.4274
37	22	41785494	42109854	324.36	57	4.181	negative	22:41901964:T:C	-4.181
38	22	28247468	28256687	9.22	10	4.171	negative	22:28247468:G:A	-4.171
39	22	46664487	46780810	116.32	12	4.0878	positive	22:46779295:C:T	4.0878
40	22	38738710	38743908	5.2	3	4.0039	negative	22:38743587:CA:C	4.0039
41	22	48116467	48204339	87.87	11	3.9417	negative	22:48120440:CTT:C	-3.9417
42	22	23500471	23568559	68.09	6	3.9179	positive	22:23568559:G:A	-3.9179
43	22	26702399	26735010	32.61	15	3.9021	negative	22:26712254:G:A	-3.9021
44	22	28374594	28453072	78.48	9	3.6201	negative	22:28378722:T:C	-3.6201
45	22	27556350	27649373	93.02	7	3.4969	negative	22:27556647:T:C	-3.4969
46	22	39509071	39563865	54.79	9	3.3925	positive	22:39558970:G:GGTGTGT	-3.3925
47	22	23315308	23381424	66.12	9	3.3892	positive	22:23315687:A:G	3.3892
48	22	39314659	39355246	40.59	20	3.2143	negative	22:39318733:A:G	-3.2143
49	22	40629755	40704420	74.67	3	3.1496	negative	22:40629755:G:A	-3.1496
50	22	39136091	39198642	62.55	6	2.957	positive	22:39157345:AC:A	2.957
51	22	39673444	39787053	113.61	12	2.8688	negative	22:39675742:T:C	-2.8688
52	22	18607988	18607988	0.0	1	2.8498	positive	22:18607988:T:A	2.8498
53	22	40299751	40299751	0.0	1	2.7628	negative	22:40299751:G:A	-2.7628
54	22	41059767	41065510	5.74	5	2.6301	positive	22:41059767:C:CT	2.6301
55	22	23170367	23170367	0.0	1	2.6167	negative	22:23170367:C:A	-2.6167
56	22	28020559	28135100	114.54	4	2.4821	negative	22:28020559:C:G	2.4821
57	22	24131228	24139995	8.77	3	2.387	negative	22:24131228:TCTC:T	2.387
58	22	24543321	24563305	19.98	4	2.354	positive	22:24563244:ATG:A	2.354
59	22	37409677	37412082	2.4	4	2.2982	positive	22:37412082:G:C	2.2982
60	22	24441941	24441941	0.0	1	2.2023	negative	22:24441941:C:CT	-2.2023
61	22	17072191	17072191	0.0	1	2.0903	negative	22:17072191:T:C	-2.0903
