Location	iHH_0	iHH_1	iHS	Std iHS	pos	abs_std_ihs	population
X:11135698:A:G	110.034	7.7841	2.64871	-1.16529	11135698	1.16529	ASW
X:11139621:C:A	110.034	7.78363	2.64877	-1.16458	11139621	1.16458	ASW
X:11140190:TA:T	110.034	7.78363	2.64877	-1.16458	11140190	1.16458	ASW
X:11141384:TA:T	110.034	7.78445	2.64866	-1.16581	11141384	1.16581	ASW
X:11141541:G:A	110.034	7.78445	2.64866	-1.16581	11141541	1.16581	ASW
X:11144767:A:G	110.034	7.78445	2.64866	-1.16581	11144767	1.16581	ASW
X:11145889:T:G	110.034	7.78445	2.64866	-1.16581	11145889	1.16581	ASW
X:11147309:CAT:C	110.034	7.78445	2.64866	-1.16582	11147309	1.16582	ASW
X:11147328:A:C	110.034	7.78445	2.64866	-1.16582	11147328	1.16582	ASW
X:11149117:T:G	110.034	7.78445	2.64866	-1.16582	11149117	1.16582	ASW
X:11149205:T:C	110.034	7.78445	2.64866	-1.16582	11149205	1.16582	ASW
X:11151216:C:T	110.034	7.78445	2.64866	-1.16582	11151216	1.16582	ASW
X:11151326:C:A	110.034	7.78445	2.64866	-1.16582	11151326	1.16582	ASW
X:32558230:G:A	110.034	7.85836	2.63921	-1.27655	32558230	1.27655	ASW
X:32561961:G:A	110.034	7.89654	2.63437	-1.33332	32561961	1.33332	ASW
X:32562797:A:G	110.035	7.89654	2.63437	-1.33328	32562797	1.33328	ASW
X:32562815:T:C	110.035	7.89654	2.63437	-1.33328	32562815	1.33328	ASW
X:32563342:CAAA:C	116.442	6.64016	2.86425	-1.48916	32563342	1.48916	ASW
X:32563342:CAAAA:C	116.442	6.64016	2.86425	-1.48916	32563342	1.48916	ASW
X:32563398:CACTGAACTACATGACTTACATATCAAACTCA:C	116.442	6.64016	2.86425	-1.48916	32563398	1.48916	ASW
X:32576636:ATTGT:A	110.034	7.83744	2.64188	-1.24531	32576636	1.24531	ASW
X:32649555:CT:C	110.034	7.8105	2.64532	-1.20497	32649555	1.20497	ASW
X:32651138:CT:C	110.034	7.8105	2.64532	-1.20497	32651138	1.20497	ASW
X:33428364:CACATTGTTCTT:C	110.034	7.81163	2.64518	-1.20666	33428364	1.20666	ASW
X:33439543:G:A	110.034	7.79243	2.64764	-1.17783	33439543	1.17783	ASW
X:33439553:C:A	110.034	7.79243	2.64764	-1.17783	33439553	1.17783	ASW
X:69096095:T:G	110.034	7.86401	2.6385	-1.28495	69096095	1.28495	ASW
X:69096143:G:C	110.034	7.86401	2.6385	-1.28495	69096143	1.28495	ASW
X:69097224:T:A	110.034	7.86401	2.6385	-1.28495	69097224	1.28495	ASW
X:69098910:T:C	110.034	7.86401	2.6385	-1.28494	69098910	1.28494	ASW
X:69100204:T:C	110.034	7.86401	2.6385	-1.28495	69100204	1.28495	ASW
X:69100588:TG:T	110.034	7.86401	2.6385	-1.28495	69100588	1.28495	ASW
X:69101855:C:T	110.034	7.86401	2.6385	-1.28495	69101855	1.28495	ASW
X:69102031:AGT:A	110.034	7.86401	2.6385	-1.28495	69102031	1.28495	ASW
X:69104794:T:C	110.034	7.8848	2.63586	-1.31588	69104794	1.31588	ASW
X:69107099:GC:G	116.442	6.63356	2.86525	-1.42771	69107099	1.42771	ASW
X:69107617:GA:G	116.442	6.63356	2.86525	-1.42771	69107617	1.42771	ASW
X:69109292:GGA:G	116.442	6.62548	2.86647	-1.35244	69109292	1.35244	ASW
X:69109342:AAGAGACAGAG:A	116.442	6.63402	2.86518	-1.43207	69109342	1.43207	ASW
X:69111797:G:A	116.442	6.6283	2.86604	-1.37871	69111797	1.37871	ASW
X:69112899:G:A	116.442	6.62844	2.86602	-1.37998	69112899	1.37998	ASW
X:69113934:AG:A	116.442	6.62844	2.86602	-1.37998	69113934	1.37998	ASW
X:69114336:G:A	116.442	6.63129	2.86559	-1.4066	69114336	1.4066	ASW
X:69123140:G:T	116.442	6.65258	2.86238	-1.6047	69123140	1.6047	ASW
X:69124976:CA:C	116.442	6.63935	2.86438	-1.48166	69124976	1.48166	ASW
X:69125134:ATCT:A	116.442	6.63935	2.86438	-1.48166	69125134	1.48166	ASW
X:69125175:TAAG:T	116.442	6.63935	2.86438	-1.48166	69125175	1.48166	ASW
X:69127457:C:T	116.442	6.63534	2.86498	-1.44433	69127457	1.44433	ASW
X:69130694:CCTCT:C	116.442	6.64249	2.8639	-1.51092	69130694	1.51092	ASW
X:69130746:CT:C	116.442	6.64249	2.8639	-1.51092	69130746	1.51092	ASW
X:69133109:C:T	116.442	6.64249	2.8639	-1.51092	69133109	1.51092	ASW
X:69143893:C:T	110.034	7.83228	2.64254	-1.23758	69143893	1.23758	ASW
X:97742089:CT:C	110.035	7.81349	2.64494	-1.20941	97742089	1.20941	ASW
X:97837228:G:A	110.036	7.89742	2.63427	-1.3345	97837228	1.3345	ASW
X:97837993:CCT:C	116.442	6.60707	2.86925	-1.1805	97837993	1.1805	ASW
X:97838530:CA:C	116.442	6.60707	2.86925	-1.1805	97838530	1.1805	ASW
X:99711049:GCAAAA:G	110.034	7.78832	2.64817	-1.17164	99711049	1.17164	ASW
X:99725695:C:T	110.034	7.78817	2.64818	-1.17142	99725695	1.17142	ASW
X:99729255:C:T	110.034	7.78817	2.64818	-1.17142	99729255	1.17142	ASW
X:99733659:A:T	110.034	7.78817	2.64818	-1.17142	99733659	1.17142	ASW
X:99734645:C:A	110.034	7.78817	2.64818	-1.17142	99734645	1.17142	ASW
X:99735390:TA:T	110.034	7.78817	2.64818	-1.17142	99735390	1.17142	ASW
X:99741762:T:C	110.034	7.78802	2.6482	-1.17119	99741762	1.17119	ASW
X:99742576:T:C	110.034	7.78802	2.6482	-1.17119	99742576	1.17119	ASW
X:99755308:C:G	110.034	7.78499	2.64859	-1.16664	99755308	1.16664	ASW
X:99757281:G:A	110.034	7.78499	2.64859	-1.16664	99757281	1.16664	ASW
X:129939554:A:G	110.034	7.79118	2.6478	-1.17594	129939554	1.17594	ASW
X:129954963:G:C	110.034	7.78583	2.64849	-1.1679	129954963	1.1679	ASW
X:139965071:G:A	110.034	7.78865	2.64812	-1.17215	139965071	1.17215	ASW
X:139965664:CTT:C	110.034	7.78865	2.64812	-1.17215	139965664	1.17215	ASW
X:139967377:T:C	110.034	7.78865	2.64812	-1.17215	139967377	1.17215	ASW
X:139970365:T:C	110.034	7.78865	2.64812	-1.17215	139970365	1.17215	ASW
X:151775009:C:G	110.034	7.79711	2.64704	-1.18487	151775009	1.18487	ASW
X:151775411:G:C	110.034	7.79711	2.64704	-1.18487	151775411	1.18487	ASW
X:151781233:C:T	110.034	7.80233	2.64637	-1.1927	151781233	1.1927	ASW
X:151833304:T:A	110.034	7.8312	2.64267	-1.23598	151833304	1.23598	ASW
X:151834498:G:A	110.034	7.82501	2.64347	-1.22671	151834498	1.22671	ASW
X:151836396:C:A	110.034	7.82787	2.6431	-1.231	151836396	1.231	ASW
X:151839245:AC:A	110.034	7.82522	2.64344	-1.22702	151839245	1.22702	ASW
X:151843279:C:G	110.034	7.82522	2.64344	-1.22702	151843279	1.22702	ASW
X:151843728:C:T	110.034	7.82832	2.64304	-1.23167	151843728	1.23167	ASW
X:151845126:TGCC:T	110.034	7.82832	2.64304	-1.23167	151845126	1.23167	ASW
X:151845310:A:T	110.034	7.82832	2.64304	-1.23167	151845310	1.23167	ASW
X:151845951:AT:A	110.034	7.82832	2.64304	-1.23168	151845951	1.23168	ASW
X:151849257:A:T	110.035	7.82429	2.64357	-1.22553	151849257	1.22553	ASW
X:151851071:A:G	110.034	7.81275	2.64504	-1.20832	151851071	1.20832	ASW
X:152195281:A:G	110.034	7.79216	2.64767	-1.1774	152195281	1.1774	ASW
