Location	iHH_0	iHH_1	iHS	Std iHS	chr	pos	ref	alt	p_value	neg_log10_p
X:155718638:T:C	13.3794	73.8646	-1.70852	-284.081	X	155718638	T	C	0.0	inf
X:155719886:G:A	13.2258	64.8331	-1.58965	-276.735	X	155719886	G	A	0.0	inf
X:155709424:G:A	27.9552	93.8628	-1.21123	-253.349	X	155709424	G	A	0.0	inf
X:155704152:C:G	68.9316	87.9252	-0.243372	-103.267	X	155704152	C	G	0.0	inf
X:2776780:G:A	11.3786	58.5653	-1.63841	-64.1652	X	2776780	G	A	0.0	inf
X:155711858:A:G	22.0323	90.0602	-1.40797	-48.6996	X	155711858	A	G	0.0	inf
X:155711910:C:A	22.0323	90.0602	-1.40797	-48.6996	X	155711910	C	A	0.0	inf
X:155715602:G:A	15.6617	69.1372	-1.48487	-48.163	X	155715602	G	A	0.0	inf
X:155713658:T:C	22.0323	78.2342	-1.2672	-47.05	X	155713658	T	C	0.0	inf
X:155708407:T:C	29.1207	90.0602	-1.12903	-45.431	X	155708407	T	C	0.0	inf
X:155717737:C:T	14.0526	41.8462	-1.09119	-44.9877	X	155717737	C	T	0.0	inf
X:155720291:C:G	13.7624	35.4783	-0.94698	-43.2979	X	155720291	C	G	0.0	inf
X:155730815:T:C	9.82437	20.0134	-0.711536	-40.5391	X	155730815	T	C	0.0	inf
X:2781409:A:C	82.8388	86.7371	-0.0459846	-39.5613	X	2781409	A	C	0.0	inf
X:2781309:A:T	81.3356	84.7474	-0.0410911	-39.4857	X	2781309	A	T	0.0	inf
X:2781319:T:C	81.3356	84.7474	-0.0410911	-39.4857	X	2781319	T	C	0.0	inf
X:2781148:T:C	43.6293	58.2208	-0.288513	-35.5823	X	2781148	T	C	2.6316372079599017e-277	276.57977398186694
X:2777174:A:T	11.1822	82.4794	-1.99822	-31.9765	X	2777174	A	T	2.3140898950302066e-224	223.63561977409765
X:2776446:A:C	7.948	51.0033	-1.85897	-30.93	X	2776446	A	C	4.7202369940865456e-210	209.32603619572183
X:155743493:C:T	8.02361	31.7568	-1.37572	-27.2981	X	155743493	C	T	4.46771689697498e-164	163.34991435435163
X:155740807:G:GTTCATACACCC	8.04251	31.7568	-1.37337	-27.2805	X	155740807	G	GTTCATACACCC	7.226916206523704e-164	163.14104698074004
X:155740812:C:CCCCTGTTCA	8.04251	31.7568	-1.37337	-27.2805	X	155740812	C	CCCCTGTTCA	7.226916206523704e-164	163.14104698074004
X:155740809:G:GTTCATAC	8.04251	31.7568	-1.37337	-27.2805	X	155740809	G	GTTCATAC	7.226916206523704e-164	163.14104698074004
X:155722686:A:G	10.6698	41.38	-1.35538	-27.1453	X	155722686	A	G	2.87709534846922e-162	161.54104574512118
X:155733143:C:T	9.06318	31.7568	-1.25389	-26.3825	X	155733143	C	T	2.1758997481881625e-153	152.66236111807848
X:155728120:G:A	9.06318	31.7568	-1.25389	-26.3825	X	155728120	G	A	2.1758997481881625e-153	152.66236111807848
X:155733647:C:T	9.06318	31.7568	-1.25389	-26.3825	X	155733647	C	T	2.1758997481881625e-153	152.66236111807848
X:155735201:G:A	9.06318	31.7568	-1.25389	-26.3825	X	155735201	G	A	2.1758997481881625e-153	152.66236111807848
X:155732673:C:T	9.06318	31.7568	-1.25389	-26.3825	X	155732673	C	T	2.1758997481881625e-153	152.66236111807848
X:155713979:A:G	20.3284	64.4759	-1.15427	-25.6339	X	155713979	A	G	6.392981407804062e-145	144.19429655858818
X:155725902:T:A	10.0271	31.7568	-1.15281	-25.6229	X	155725902	T	A	8.478563592761074e-145	144.0716777180944
X:155726669:C:T	10.0271	31.7568	-1.15281	-25.6229	X	155726669	C	T	8.478563592761074e-145	144.0716777180944
X:155725046:C:T	10.0271	31.7568	-1.15281	-25.6229	X	155725046	C	T	8.478563592761074e-145	144.0716777180944
X:155717766:A:G	13.2782	41.38	-1.13668	-25.5016	X	155717766	A	G	1.892318240864013e-143	142.72300582426152
X:155716952:G:A	13.9775	41.38	-1.08535	-25.1159	X	155716952	G	A	3.3342241831855704e-139	138.47700520287418
X:155717084:G:A	13.9775	41.38	-1.08535	-25.1159	X	155717084	G	A	3.3342241831855704e-139	138.47700520287418
X:155714090:T:C	20.5552	41.38	-0.699686	-22.2175	X	155714090	T	C	2.3266621582110863e-109	108.63326667364346
X:155704030:C:T	83.6856	64.4759	0.260775	-14.9992	X	155704030	C	T	7.430956820194332e-51	50.12895526228565
X:22880579:C:T	116.442	7.02589	2.80779	-4.97873	X	22880579	C	T	6.400285405691481e-07	6.193800659242169
X:22879378:G:A	116.442	7.00213	2.81118	-4.76936	X	22879378	G	A	1.8481212977363332e-06	5.733269528132806
X:22879439:CT:C	116.442	7.00213	2.81118	-4.76936	X	22879439	CT	C	1.8481212977363332e-06	5.733269528132806
X:22878643:CA:C	116.442	7.00213	2.81118	-4.76936	X	22878643	CA	C	1.8481212977363332e-06	5.733269528132806
X:22878685:C:T	116.442	7.00213	2.81118	-4.76936	X	22878685	C	T	1.8481212977363332e-06	5.733269528132806
X:22879867:AC:A	116.442	7.00213	2.81118	-4.76936	X	22879867	AC	A	1.8481212977363332e-06	5.733269528132806
X:22879428:ATAGGCATAACCTTTTTTTTT:A	116.442	7.00213	2.81118	-4.76936	X	22879428	ATAGGCATAACCTTTTTTTTT	A	1.8481212977363332e-06	5.733269528132806
X:22878304:TATC:T	116.442	7.00213	2.81118	-4.76936	X	22878304	TATC	T	1.8481212977363332e-06	5.733269528132806
X:9935337:T:A	116.442	6.97154	2.81555	-4.49879	X	9935337	T	A	6.834132392935209e-06	5.165316612168179
X:9936105:C:T	116.442	6.97154	2.81555	-4.49879	X	9936105	C	T	6.834132392935209e-06	5.165316612168179
X:9935338:A:T	116.442	6.97154	2.81555	-4.49879	X	9935338	A	T	6.834132392935209e-06	5.165316612168179
X:147612404:CA:C	116.442	6.94011	2.82007	-4.21959	X	147612404	CA	C	2.4474700582160386e-05	4.6112826125508075
X:147612355:G:A	116.442	6.94011	2.82007	-4.21959	X	147612355	G	A	2.4474700582160386e-05	4.6112826125508075
X:147611836:G:A	116.442	6.94011	2.82007	-4.21959	X	147611836	G	A	2.4474700582160386e-05	4.6112826125508075
X:147616010:G:A	116.442	6.94011	2.82007	-4.21959	X	147616010	G	A	2.4474700582160386e-05	4.6112826125508075
X:147611564:AT:A	116.442	6.94011	2.82007	-4.21959	X	147611564	AT	A	2.4474700582160386e-05	4.6112826125508075
X:147612812:C:T	116.442	6.94011	2.82007	-4.21959	X	147612812	C	T	2.4474700582160386e-05	4.6112826125508075
X:147613572:T:C	116.442	6.94011	2.82007	-4.21959	X	147613572	T	C	2.4474700582160386e-05	4.6112826125508075
X:147613925:C:T	116.442	6.94011	2.82007	-4.21959	X	147613925	C	T	2.4474700582160386e-05	4.6112826125508075
X:147614006:G:A	116.442	6.94011	2.82007	-4.21959	X	147614006	G	A	2.4474700582160386e-05	4.6112826125508075
X:147615303:CCT:C	116.442	6.94011	2.82007	-4.21959	X	147615303	CCT	C	2.4474700582160386e-05	4.6112826125508075
X:147615334:T:A	116.442	6.94011	2.82007	-4.21959	X	147615334	T	A	2.4474700582160386e-05	4.6112826125508075
X:147612218:CAT:C	116.442	6.94011	2.82007	-4.21959	X	147612218	CAT	C	2.4474700582160386e-05	4.6112826125508075
X:147611945:C:T	116.442	6.94011	2.82007	-4.21959	X	147611945	C	T	2.4474700582160386e-05	4.6112826125508075
X:147611631:C:A	116.442	6.94011	2.82007	-4.21959	X	147611631	C	A	2.4474700582160386e-05	4.6112826125508075
X:147611601:T:C	116.442	6.94011	2.82007	-4.21959	X	147611601	T	C	2.4474700582160386e-05	4.6112826125508075
X:147612300:C:T	116.442	6.94011	2.82007	-4.21959	X	147612300	C	T	2.4474700582160386e-05	4.6112826125508075
X:12680201:TG:T	116.442	6.9273	2.82192	-4.10538	X	12680201	TG	T	4.0365078355943896e-05	4.393994200135326
X:123182106:AGAGAGGAGGATGACAGCATGAG:A	116.442	6.90022	2.82584	-3.86333	X	123182106	AGAGAGGAGGATGACAGCATGAG	A	0.00011185174261597171	3.9513572453393215
X:123182158:C:G	116.442	6.90022	2.82584	-3.86333	X	123182158	C	G	0.00011185174261597171	3.9513572453393215
X:123181733:C:A	116.442	6.90022	2.82584	-3.86333	X	123181733	C	A	0.00011185174261597171	3.9513572453393215
X:123182031:C:T	116.442	6.90022	2.82584	-3.86333	X	123182031	C	T	0.00011185174261597171	3.9513572453393215
X:141837463:T:A	116.442	6.88539	2.82799	-3.73036	X	141837463	T	A	0.0001912063676159777	3.7184976488045107
X:141831497:G:A	116.442	6.88265	2.82838	-3.70581	X	141831497	G	A	0.00021071622342714935	3.676302025978757
X:141834165:AC:A	116.442	6.88265	2.82838	-3.70581	X	141834165	AC	A	0.00021071622342714935	3.676302025978757
X:141836111:CA:C	116.442	6.88265	2.82838	-3.70581	X	141836111	CA	C	0.00021071622342714935	3.676302025978757
X:141831501:G:C	116.442	6.88265	2.82838	-3.70581	X	141831501	G	C	0.00021071622342714935	3.676302025978757
X:141832162:TATG:T	116.442	6.88265	2.82838	-3.70581	X	141832162	TATG	T	0.00021071622342714935	3.676302025978757
X:141832115:CTG:C	116.442	6.88265	2.82838	-3.70581	X	141832115	CTG	C	0.00021071622342714935	3.676302025978757
X:12679308:GT:G	116.442	6.85867	2.83188	-3.49012	X	12679308	GT	G	0.0004828036992166094	3.3162294110204087
X:147618035:A:G	116.442	6.85127	2.83296	-3.42336	X	147618035	A	G	0.0006185210330791276	3.2086455274093333
X:125158939:CA:C	116.442	6.84106	2.83445	-3.33123	X	125158939	CA	C	0.0008646313120062846	3.0631690408526664
X:125158401:CA:C	116.442	6.84106	2.83445	-3.33123	X	125158401	CA	C	0.0008646313120062846	3.0631690408526664
X:125158401:CAAA:C	116.442	6.84106	2.83445	-3.33123	X	125158401	CAAA	C	0.0008646313120062846	3.0631690408526664
X:125158401:CAAAA:C	116.442	6.84106	2.83445	-3.33123	X	125158401	CAAAA	C	0.0008646313120062846	3.0631690408526664
X:125159298:G:A	116.442	6.84106	2.83445	-3.33123	X	125159298	G	A	0.0008646313120062846	3.0631690408526664
X:125159232:C:T	116.442	6.84106	2.83445	-3.33123	X	125159232	C	T	0.0008646313120062846	3.0631690408526664
X:125158483:GT:G	116.442	6.84106	2.83445	-3.33123	X	125158483	GT	G	0.0008646313120062846	3.0631690408526664
X:22881200:AT:A	116.442	6.83545	2.83527	-3.28049	X	22881200	AT	A	0.0010362693828887995	2.9845273331095377
X:147611215:TTA:T	116.442	6.83495	2.83534	-3.27596	X	147611215	TTA	T	0.0010530347390553397	2.9775573014344734
X:147611176:C:T	116.442	6.83495	2.83534	-3.27596	X	147611176	C	T	0.0010530347390553397	2.9775573014344734
X:44616747:CAG:C	116.442	6.83432	2.83543	-3.2703	X	44616747	CAG	C	0.0010743348181405366	2.968860348981021
X:44622156:GA:G	116.442	6.83432	2.83543	-3.2703	X	44622156	GA	G	0.0010743348181405366	2.968860348981021
X:9937150:GACA:G	116.442	6.82775	2.83639	-3.21089	X	9937150	GACA	G	0.0013232457649031656	2.878359487309964
X:147618633:C:T	116.442	6.81418	2.83838	-3.08788	X	147618633	C	T	0.002015898553532817	2.6955313267649292
X:147619315:C:T	116.442	6.81418	2.83838	-3.08788	X	147619315	C	T	0.002015898553532817	2.6955313267649292
X:147619494:T:A	116.442	6.81418	2.83838	-3.08788	X	147619494	T	A	0.002015898553532817	2.6955313267649292
X:147618945:G:A	116.442	6.81418	2.83838	-3.08788	X	147618945	G	A	0.002015898553532817	2.6955313267649292
X:147619234:A:G	116.442	6.81418	2.83838	-3.08788	X	147619234	A	G	0.002015898553532817	2.6955313267649292
X:147618631:T:C	116.442	6.81418	2.83838	-3.08788	X	147618631	T	C	0.002015898553532817	2.6955313267649292
X:147620249:TC:T	116.442	6.81418	2.83838	-3.08788	X	147620249	TC	T	0.002015898553532817	2.6955313267649292
X:141831198:CA:C	116.442	6.80684	2.83946	-3.02133	X	141831198	CA	C	0.0025166691457322735	2.599173875284918
